Sheet,Jurisdiction,Jurisdiction Setting,Jurisdiction Role,HSTM Setting,HSTM Role,Regulation Type,Oversight / Professional Agency,Requirement Level,Authority Level,Citation,Training Topic / Competency Item,Relationship,Purpose,Hours Required,Source URL,Notes / Research Flags
WR CNA_SNF,US,skilled nursing facility,Certified Nursing Assistant (CNA),Skilled Nursing Facility,"Clinical, Non-Medication Dispensing",,,Other Training Reference,Competency,Job Study — Certified Nursing Assistant (CNA) × Skilled Nursing Facility (FINAL),Domain 1: Regulatory & Care Setting Orientation,Parent,Workforce Readiness,,,Source: JobStudy_CNA_SNF_FINAL.docx | Date of Review: May 2026
WR CNA_SNF,US,skilled nursing facility,Certified Nursing Assistant (CNA),Skilled Nursing Facility,"Clinical, Non-Medication Dispensing",,,Other Training Reference,Competency,Job Study — Certified Nursing Assistant (CNA) × Skilled Nursing Facility (FINAL),"Knowledge: Understands that CNA practice in the SNF is governed by a federal regulatory floor under OBRA 1987 and 42 CFR Part 483, with state Nurse Aide Registries and competency evaluation programs operationalizing those federal minimums",Child,Workforce Readiness,,,Source: JobStudy_CNA_SNF_FINAL.docx | Date of Review: May 2026
WR CNA_SNF,US,skilled nursing facility,Certified Nursing Assistant (CNA),Skilled Nursing Facility,"Clinical, Non-Medication Dispensing",,,Other Training Reference,Competency,Job Study — Certified Nursing Assistant (CNA) × Skilled Nursing Facility (FINAL),"Knowledge: Identifies the federal training, competency evaluation, registry, and 12-hour annual in-service requirements under 42 CFR §§ 483.95(g) and 483.150-160, including the requirement that in-service content cover dementia management and resident abuse prevention",Child,Workforce Readiness,,,Source: JobStudy_CNA_SNF_FINAL.docx | Date of Review: May 2026
WR CNA_SNF,US,skilled nursing facility,Certified Nursing Assistant (CNA),Skilled Nursing Facility,"Clinical, Non-Medication Dispensing",,,Other Training Reference,Competency,Job Study — Certified Nursing Assistant (CNA) × Skilled Nursing Facility (FINAL),"Knowledge: Describes the CMS State Operations Manual Appendix PP F-Tag framework and identifies the F-Tags most directly tied to CNA practice (F600s abuse/neglect, F676 ADLs, F684 quality of care, F686 skin integrity, F689 accidents/falls, F725-F730 nursing services, F880 infection control)",Child,Workforce Readiness,,,Source: JobStudy_CNA_SNF_FINAL.docx | Date of Review: May 2026
WR CNA_SNF,US,skilled nursing facility,Certified Nursing Assistant (CNA),Skilled Nursing Facility,"Clinical, Non-Medication Dispensing",,,Other Training Reference,Competency,Job Study — Certified Nursing Assistant (CNA) × Skilled Nursing Facility (FINAL),Skill: Applies facility policies and procedures that translate federal CMS requirements and state Nurse Aide Registry rules into shift-level practice,Child,Workforce Readiness,,,Source: JobStudy_CNA_SNF_FINAL.docx | Date of Review: May 2026
WR CNA_SNF,US,skilled nursing facility,Certified Nursing Assistant (CNA),Skilled Nursing Facility,"Clinical, Non-Medication Dispensing",,,Other Training Reference,Competency,Job Study — Certified Nursing Assistant (CNA) × Skilled Nursing Facility (FINAL),"Ability: Differentiates between tasks within CNA scope, tasks delegated by a licensed nurse to the CNA, and tasks outside CNA scope, and escalates appropriately when a request falls outside scope",Child,Workforce Readiness,,,Source: JobStudy_CNA_SNF_FINAL.docx | Date of Review: May 2026
WR CNA_SNF,US,skilled nursing facility,Certified Nursing Assistant (CNA),Skilled Nursing Facility,"Clinical, Non-Medication Dispensing",,,Other Training Reference,Competency,Job Study — Certified Nursing Assistant (CNA) × Skilled Nursing Facility (FINAL),"Domain 2: Resident Rights, Person-Centered Care, and Abuse Prevention",Parent,Workforce Readiness,,,Source: JobStudy_CNA_SNF_FINAL.docx | Date of Review: May 2026
WR CNA_SNF,US,skilled nursing facility,Certified Nursing Assistant (CNA),Skilled Nursing Facility,"Clinical, Non-Medication Dispensing",,,Other Training Reference,Competency,Job Study — Certified Nursing Assistant (CNA) × Skilled Nursing Facility (FINAL),"Knowledge: Articulates the federal resident rights enumerated at 42 CFR § 483.10, including dignity, self-determination, privacy, freedom from abuse and neglect, grievance access, and participation in care planning",Child,Workforce Readiness,,,Source: JobStudy_CNA_SNF_FINAL.docx | Date of Review: May 2026
WR CNA_SNF,US,skilled nursing facility,Certified Nursing Assistant (CNA),Skilled Nursing Facility,"Clinical, Non-Medication Dispensing",,,Other Training Reference,Competency,Job Study — Certified Nursing Assistant (CNA) × Skilled Nursing Facility (FINAL),"Knowledge: Identifies the federal definitions of abuse, neglect, exploitation, and misappropriation of resident property at 42 CFR § 483.5, and understands the mandatory reporting timelines and pathways under 42 CFR § 483.12 and section 1150B of the Social Security Act",Child,Workforce Readiness,,,Source: JobStudy_CNA_SNF_FINAL.docx | Date of Review: May 2026
WR CNA_SNF,US,skilled nursing facility,Certified Nursing Assistant (CNA),Skilled Nursing Facility,"Clinical, Non-Medication Dispensing",,,Other Training Reference,Competency,Job Study — Certified Nursing Assistant (CNA) × Skilled Nursing Facility (FINAL),"Skill: Delivers care in a person-centered manner that incorporates resident preferences, cultural considerations, and routines into ADL and care plan execution",Child,Workforce Readiness,,,Source: JobStudy_CNA_SNF_FINAL.docx | Date of Review: May 2026
WR CNA_SNF,US,skilled nursing facility,Certified Nursing Assistant (CNA),Skilled Nursing Facility,"Clinical, Non-Medication Dispensing",,,Other Training Reference,Competency,Job Study — Certified Nursing Assistant (CNA) × Skilled Nursing Facility (FINAL),"Skill: Recognizes and reports indicators of abuse, neglect, exploitation, and resident-to-resident altercations through facility and state-mandated channels in accordance with required timelines",Child,Workforce Readiness,,,Source: JobStudy_CNA_SNF_FINAL.docx | Date of Review: May 2026
WR CNA_SNF,US,skilled nursing facility,Certified Nursing Assistant (CNA),Skilled Nursing Facility,"Clinical, Non-Medication Dispensing",,,Other Training Reference,Competency,Job Study — Certified Nursing Assistant (CNA) × Skilled Nursing Facility (FINAL),"Ability: Balances resident autonomy and informed refusal with clinical safety obligations, escalating to the charge nurse rather than overriding resident choice unilaterally",Child,Workforce Readiness,,,Source: JobStudy_CNA_SNF_FINAL.docx | Date of Review: May 2026
WR CNA_SNF,US,skilled nursing facility,Certified Nursing Assistant (CNA),Skilled Nursing Facility,"Clinical, Non-Medication Dispensing",,,Other Training Reference,Competency,Job Study — Certified Nursing Assistant (CNA) × Skilled Nursing Facility (FINAL),Domain 3: Activities of Daily Living (ADL) Care,Parent,Workforce Readiness,,,Source: JobStudy_CNA_SNF_FINAL.docx | Date of Review: May 2026
WR CNA_SNF,US,skilled nursing facility,Certified Nursing Assistant (CNA),Skilled Nursing Facility,"Clinical, Non-Medication Dispensing",,,Other Training Reference,Competency,Job Study — Certified Nursing Assistant (CNA) × Skilled Nursing Facility (FINAL),"Knowledge: Describes the federal ADL performance and support categories that map to MDS Section GG and PDPM ADL scoring, including bathing, dressing, grooming, toileting, transferring, eating, and personal hygiene",Child,Workforce Readiness,,,Source: JobStudy_CNA_SNF_FINAL.docx | Date of Review: May 2026
WR CNA_SNF,US,skilled nursing facility,Certified Nursing Assistant (CNA),Skilled Nursing Facility,"Clinical, Non-Medication Dispensing",,,Other Training Reference,Competency,Job Study — Certified Nursing Assistant (CNA) × Skilled Nursing Facility (FINAL),"Knowledge: Identifies adaptive equipment, assistive devices, and environmental modifications appropriate for residents with mobility, sensory, or cognitive impairment",Child,Workforce Readiness,,,Source: JobStudy_CNA_SNF_FINAL.docx | Date of Review: May 2026
WR CNA_SNF,US,skilled nursing facility,Certified Nursing Assistant (CNA),Skilled Nursing Facility,"Clinical, Non-Medication Dispensing",,,Other Training Reference,Competency,Job Study — Certified Nursing Assistant (CNA) × Skilled Nursing Facility (FINAL),"Skill: Performs ADL care consistent with the resident's individualized care plan, preserving dignity, privacy, and the highest practicable level of independence",Child,Workforce Readiness,,,Source: JobStudy_CNA_SNF_FINAL.docx | Date of Review: May 2026
WR CNA_SNF,US,skilled nursing facility,Certified Nursing Assistant (CNA),Skilled Nursing Facility,"Clinical, Non-Medication Dispensing",,,Other Training Reference,Competency,Job Study — Certified Nursing Assistant (CNA) × Skilled Nursing Facility (FINAL),"Skill: Provides feeding assistance and monitors hydration and nutrition consistent with diet orders, swallowing precautions, and aspiration risk parameters",Child,Workforce Readiness,,,Source: JobStudy_CNA_SNF_FINAL.docx | Date of Review: May 2026
WR CNA_SNF,US,skilled nursing facility,Certified Nursing Assistant (CNA),Skilled Nursing Facility,"Clinical, Non-Medication Dispensing",,,Other Training Reference,Competency,Job Study — Certified Nursing Assistant (CNA) × Skilled Nursing Facility (FINAL),Ability: Recognizes new or worsening functional decline during ADL care and reports it to the charge nurse rather than treating decline as an immutable baseline,Child,Workforce Readiness,,,Source: JobStudy_CNA_SNF_FINAL.docx | Date of Review: May 2026
WR CNA_SNF,US,skilled nursing facility,Certified Nursing Assistant (CNA),Skilled Nursing Facility,"Clinical, Non-Medication Dispensing",,,Other Training Reference,Competency,Job Study — Certified Nursing Assistant (CNA) × Skilled Nursing Facility (FINAL),"Domain 4: Mobility, Transfers, and Safe Patient Handling",Parent,Workforce Readiness,,,Source: JobStudy_CNA_SNF_FINAL.docx | Date of Review: May 2026
WR CNA_SNF,US,skilled nursing facility,Certified Nursing Assistant (CNA),Skilled Nursing Facility,"Clinical, Non-Medication Dispensing",,,Other Training Reference,Competency,Job Study — Certified Nursing Assistant (CNA) × Skilled Nursing Facility (FINAL),"Knowledge: Identifies the body mechanics, transfer techniques, and mechanical lift procedures appropriate for the SNF population, including sit-to-stand lifts, total-body lifts, and gait belts",Child,Workforce Readiness,,,Source: JobStudy_CNA_SNF_FINAL.docx | Date of Review: May 2026
WR CNA_SNF,US,skilled nursing facility,Certified Nursing Assistant (CNA),Skilled Nursing Facility,"Clinical, Non-Medication Dispensing",,,Other Training Reference,Competency,Job Study — Certified Nursing Assistant (CNA) × Skilled Nursing Facility (FINAL),"Knowledge: Describes facility safe-patient-handling policies, weight limits, and the criteria for one-person versus two-person assistance based on the care plan and resident assessment",Child,Workforce Readiness,,,Source: JobStudy_CNA_SNF_FINAL.docx | Date of Review: May 2026
WR CNA_SNF,US,skilled nursing facility,Certified Nursing Assistant (CNA),Skilled Nursing Facility,"Clinical, Non-Medication Dispensing",,,Other Training Reference,Competency,Job Study — Certified Nursing Assistant (CNA) × Skilled Nursing Facility (FINAL),"Skill: Executes transfers, ambulation, and repositioning consistent with the care plan, the resident's tolerance, and applicable safe-patient-handling protocols",Child,Workforce Readiness,,,Source: JobStudy_CNA_SNF_FINAL.docx | Date of Review: May 2026
WR CNA_SNF,US,skilled nursing facility,Certified Nursing Assistant (CNA),Skilled Nursing Facility,"Clinical, Non-Medication Dispensing",,,Other Training Reference,Competency,Job Study — Certified Nursing Assistant (CNA) × Skilled Nursing Facility (FINAL),"Skill: Implements fall prevention interventions documented in the care plan, including bed and chair alarms, non-slip footwear, environmental modifications, and toileting schedules",Child,Workforce Readiness,,,Source: JobStudy_CNA_SNF_FINAL.docx | Date of Review: May 2026
WR CNA_SNF,US,skilled nursing facility,Certified Nursing Assistant (CNA),Skilled Nursing Facility,"Clinical, Non-Medication Dispensing",,,Other Training Reference,Competency,Job Study — Certified Nursing Assistant (CNA) × Skilled Nursing Facility (FINAL),"Ability: Recognizes acute mobility changes (new weakness, gait instability, refusal to bear weight) as potential indicators of stroke, fracture, infection, or medication effect, and escalates immediately",Child,Workforce Readiness,,,Source: JobStudy_CNA_SNF_FINAL.docx | Date of Review: May 2026
WR CNA_SNF,US,skilled nursing facility,Certified Nursing Assistant (CNA),Skilled Nursing Facility,"Clinical, Non-Medication Dispensing",,,Other Training Reference,Competency,Job Study — Certified Nursing Assistant (CNA) × Skilled Nursing Facility (FINAL),"Domain 5: Vital Signs, Observation, and Change-in-Condition Reporting",Parent,Workforce Readiness,,,Source: JobStudy_CNA_SNF_FINAL.docx | Date of Review: May 2026
WR CNA_SNF,US,skilled nursing facility,Certified Nursing Assistant (CNA),Skilled Nursing Facility,"Clinical, Non-Medication Dispensing",,,Other Training Reference,Competency,Job Study — Certified Nursing Assistant (CNA) × Skilled Nursing Facility (FINAL),Knowledge: Describes normal and parameter-defined abnormal vital sign ranges for the SNF population and identifies the residents' baseline ranges as documented in the care plan,Child,Workforce Readiness,,,Source: JobStudy_CNA_SNF_FINAL.docx | Date of Review: May 2026
WR CNA_SNF,US,skilled nursing facility,Certified Nursing Assistant (CNA),Skilled Nursing Facility,"Clinical, Non-Medication Dispensing",,,Other Training Reference,Competency,Job Study — Certified Nursing Assistant (CNA) × Skilled Nursing Facility (FINAL),"Knowledge: Identifies signs of acute change in condition relevant to the SNF population, including altered mental status, respiratory distress, suspected stroke, sepsis indicators, hypoglycemia, falls, and uncontrolled pain",Child,Workforce Readiness,,,Source: JobStudy_CNA_SNF_FINAL.docx | Date of Review: May 2026
WR CNA_SNF,US,skilled nursing facility,Certified Nursing Assistant (CNA),Skilled Nursing Facility,"Clinical, Non-Medication Dispensing",,,Other Training Reference,Competency,Job Study — Certified Nursing Assistant (CNA) × Skilled Nursing Facility (FINAL),"Skill: Measures and accurately documents temperature, pulse, respiratory rate, blood pressure, oxygen saturation, weight, and intake/output using calibrated equipment and approved technique",Child,Workforce Readiness,,,Source: JobStudy_CNA_SNF_FINAL.docx | Date of Review: May 2026
WR CNA_SNF,US,skilled nursing facility,Certified Nursing Assistant (CNA),Skilled Nursing Facility,"Clinical, Non-Medication Dispensing",,,Other Training Reference,Competency,Job Study — Certified Nursing Assistant (CNA) × Skilled Nursing Facility (FINAL),"Skill: Communicates observed changes to the charge nurse using a structured handoff format (e.g., SBAR) that includes baseline, current observation, and resident response",Child,Workforce Readiness,,,Source: JobStudy_CNA_SNF_FINAL.docx | Date of Review: May 2026
WR CNA_SNF,US,skilled nursing facility,Certified Nursing Assistant (CNA),Skilled Nursing Facility,"Clinical, Non-Medication Dispensing",,,Other Training Reference,Competency,Job Study — Certified Nursing Assistant (CNA) × Skilled Nursing Facility (FINAL),"Ability: Distinguishes between expected day-to-day variation and clinically significant change, and errs toward escalation when uncertain rather than waiting for the next scheduled report",Child,Workforce Readiness,,,Source: JobStudy_CNA_SNF_FINAL.docx | Date of Review: May 2026
WR CNA_SNF,US,skilled nursing facility,Certified Nursing Assistant (CNA),Skilled Nursing Facility,"Clinical, Non-Medication Dispensing",,,Other Training Reference,Competency,Job Study — Certified Nursing Assistant (CNA) × Skilled Nursing Facility (FINAL),Domain 6: Documentation and the Resident Assessment Process,Parent,Workforce Readiness,,,Source: JobStudy_CNA_SNF_FINAL.docx | Date of Review: May 2026
WR CNA_SNF,US,skilled nursing facility,Certified Nursing Assistant (CNA),Skilled Nursing Facility,"Clinical, Non-Medication Dispensing",,,Other Training Reference,Competency,Job Study — Certified Nursing Assistant (CNA) × Skilled Nursing Facility (FINAL),"Knowledge: Describes the role of the Resident Assessment Instrument (RAI) and the Minimum Data Set (MDS) in SNF care planning, quality measurement, and Patient-Driven Payment Model (PDPM) reimbursement, and identifies the CNA's contribution to MDS data through point-of-care ADL documentation",Child,Workforce Readiness,,,Source: JobStudy_CNA_SNF_FINAL.docx | Date of Review: May 2026
WR CNA_SNF,US,skilled nursing facility,Certified Nursing Assistant (CNA),Skilled Nursing Facility,"Clinical, Non-Medication Dispensing",,,Other Training Reference,Competency,Job Study — Certified Nursing Assistant (CNA) × Skilled Nursing Facility (FINAL),"Knowledge: Identifies the federal documentation expectations under 42 CFR § 483.20 and Appendix PP, including objectivity, timeliness, accuracy, and consistency with observed care",Child,Workforce Readiness,,,Source: JobStudy_CNA_SNF_FINAL.docx | Date of Review: May 2026
WR CNA_SNF,US,skilled nursing facility,Certified Nursing Assistant (CNA),Skilled Nursing Facility,"Clinical, Non-Medication Dispensing",,,Other Training Reference,Competency,Job Study — Certified Nursing Assistant (CNA) × Skilled Nursing Facility (FINAL),"Skill: Produces objective, factual point-of-care entries on ADL performance, intake and output, vital signs, behaviors, and resident statements that accurately reflect the level of assistance provided",Child,Workforce Readiness,,,Source: JobStudy_CNA_SNF_FINAL.docx | Date of Review: May 2026
WR CNA_SNF,US,skilled nursing facility,Certified Nursing Assistant (CNA),Skilled Nursing Facility,"Clinical, Non-Medication Dispensing",,,Other Training Reference,Competency,Job Study — Certified Nursing Assistant (CNA) × Skilled Nursing Facility (FINAL),"Skill: Communicates resident information across shifts and disciplines through structured handoffs, written notes, and direct verbal reports to the charge nurse",Child,Workforce Readiness,,,Source: JobStudy_CNA_SNF_FINAL.docx | Date of Review: May 2026
WR CNA_SNF,US,skilled nursing facility,Certified Nursing Assistant (CNA),Skilled Nursing Facility,"Clinical, Non-Medication Dispensing",,,Other Training Reference,Competency,Job Study — Certified Nursing Assistant (CNA) × Skilled Nursing Facility (FINAL),Ability: Recognizes documentation that does not match observed care as a regulatory and reimbursement risk and corrects or escalates inconsistencies rather than perpetuating them,Child,Workforce Readiness,,,Source: JobStudy_CNA_SNF_FINAL.docx | Date of Review: May 2026
WR CNA_SNF,US,skilled nursing facility,Certified Nursing Assistant (CNA),Skilled Nursing Facility,"Clinical, Non-Medication Dispensing",,,Other Training Reference,Competency,Job Study — Certified Nursing Assistant (CNA) × Skilled Nursing Facility (FINAL),Domain 7: Skin Integrity and Pressure Injury Surveillance,Parent,Workforce Readiness,,,Source: JobStudy_CNA_SNF_FINAL.docx | Date of Review: May 2026
WR CNA_SNF,US,skilled nursing facility,Certified Nursing Assistant (CNA),Skilled Nursing Facility,"Clinical, Non-Medication Dispensing",,,Other Training Reference,Competency,Job Study — Certified Nursing Assistant (CNA) × Skilled Nursing Facility (FINAL),"Knowledge: Identifies pressure injury risk factors common in the SNF population, including immobility, incontinence, malnutrition, friction and shear, and cognitive impairment",Child,Workforce Readiness,,,Source: JobStudy_CNA_SNF_FINAL.docx | Date of Review: May 2026
WR CNA_SNF,US,skilled nursing facility,Certified Nursing Assistant (CNA),Skilled Nursing Facility,"Clinical, Non-Medication Dispensing",,,Other Training Reference,Competency,Job Study — Certified Nursing Assistant (CNA) × Skilled Nursing Facility (FINAL),"Knowledge: Describes the National Pressure Injury Advisory Panel (NPIAP) staging system and recognizes the visual presentation of Stage 1 through Stage 4, unstageable, and deep tissue pressure injuries",Child,Workforce Readiness,,,Source: JobStudy_CNA_SNF_FINAL.docx | Date of Review: May 2026
WR CNA_SNF,US,skilled nursing facility,Certified Nursing Assistant (CNA),Skilled Nursing Facility,"Clinical, Non-Medication Dispensing",,,Other Training Reference,Competency,Job Study — Certified Nursing Assistant (CNA) × Skilled Nursing Facility (FINAL),"Skill: Performs skin observation during routine care, documents findings consistently, and reports new or worsening skin changes to the charge nurse promptly",Child,Workforce Readiness,,,Source: JobStudy_CNA_SNF_FINAL.docx | Date of Review: May 2026
WR CNA_SNF,US,skilled nursing facility,Certified Nursing Assistant (CNA),Skilled Nursing Facility,"Clinical, Non-Medication Dispensing",,,Other Training Reference,Competency,Job Study — Certified Nursing Assistant (CNA) × Skilled Nursing Facility (FINAL),"Skill: Implements care-plan interventions for skin integrity including repositioning schedules, offloading, moisture management, and maintenance of pressure-relieving surfaces",Child,Workforce Readiness,,,Source: JobStudy_CNA_SNF_FINAL.docx | Date of Review: May 2026
WR CNA_SNF,US,skilled nursing facility,Certified Nursing Assistant (CNA),Skilled Nursing Facility,"Clinical, Non-Medication Dispensing",,,Other Training Reference,Competency,Job Study — Certified Nursing Assistant (CNA) × Skilled Nursing Facility (FINAL),"Ability: Recognizes the difference between moisture-associated skin damage, friction injuries, and pressure injuries, and reports observations precisely enough to support accurate licensed-nurse assessment",Child,Workforce Readiness,,,Source: JobStudy_CNA_SNF_FINAL.docx | Date of Review: May 2026
WR CNA_SNF,US,skilled nursing facility,Certified Nursing Assistant (CNA),Skilled Nursing Facility,"Clinical, Non-Medication Dispensing",,,Other Training Reference,Competency,Job Study — Certified Nursing Assistant (CNA) × Skilled Nursing Facility (FINAL),Domain 8: Dementia Care and Behavioral Symptom Recognition,Parent,Workforce Readiness,,,Source: JobStudy_CNA_SNF_FINAL.docx | Date of Review: May 2026
WR CNA_SNF,US,skilled nursing facility,Certified Nursing Assistant (CNA),Skilled Nursing Facility,"Clinical, Non-Medication Dispensing",,,Other Training Reference,Competency,Job Study — Certified Nursing Assistant (CNA) × Skilled Nursing Facility (FINAL),"Knowledge: Describes the stages and behavioral manifestations of Alzheimer's disease and related dementias and differentiates baseline dementia behavior from acute changes suggesting delirium, infection, pain, or medication effect",Child,Workforce Readiness,,,Source: JobStudy_CNA_SNF_FINAL.docx | Date of Review: May 2026
WR CNA_SNF,US,skilled nursing facility,Certified Nursing Assistant (CNA),Skilled Nursing Facility,"Clinical, Non-Medication Dispensing",,,Other Training Reference,Competency,Job Study — Certified Nursing Assistant (CNA) × Skilled Nursing Facility (FINAL),"Knowledge: Identifies common triggers for behavioral and psychological symptoms of dementia (BPSD), including environmental, physical, and interpersonal factors, and understands the rationale for non-pharmacologic first-line interventions",Child,Workforce Readiness,,,Source: JobStudy_CNA_SNF_FINAL.docx | Date of Review: May 2026
WR CNA_SNF,US,skilled nursing facility,Certified Nursing Assistant (CNA),Skilled Nursing Facility,"Clinical, Non-Medication Dispensing",,,Other Training Reference,Competency,Job Study — Certified Nursing Assistant (CNA) × Skilled Nursing Facility (FINAL),Skill: Applies person-centered communication and de-escalation techniques aligned with the CMS Hand-in-Hand training framework and Alzheimer's Association practice recommendations,Child,Workforce Readiness,,,Source: JobStudy_CNA_SNF_FINAL.docx | Date of Review: May 2026
WR CNA_SNF,US,skilled nursing facility,Certified Nursing Assistant (CNA),Skilled Nursing Facility,"Clinical, Non-Medication Dispensing",,,Other Training Reference,Competency,Job Study — Certified Nursing Assistant (CNA) × Skilled Nursing Facility (FINAL),"Skill: Implements care-plan-directed non-pharmacologic interventions (redirection, environmental adjustment, meaningful activity, validation) and documents resident response",Child,Workforce Readiness,,,Source: JobStudy_CNA_SNF_FINAL.docx | Date of Review: May 2026
WR CNA_SNF,US,skilled nursing facility,Certified Nursing Assistant (CNA),Skilled Nursing Facility,"Clinical, Non-Medication Dispensing",,,Other Training Reference,Competency,Job Study — Certified Nursing Assistant (CNA) × Skilled Nursing Facility (FINAL),"Ability: Recognizes when behavioral escalation, suspected delirium, or possible elopement risk exceeds shift-level management capacity and escalates to the charge nurse without delay",Child,Workforce Readiness,,,Source: JobStudy_CNA_SNF_FINAL.docx | Date of Review: May 2026
WR CNA_SNF,US,skilled nursing facility,Certified Nursing Assistant (CNA),Skilled Nursing Facility,"Clinical, Non-Medication Dispensing",,,Other Training Reference,Competency,Job Study — Certified Nursing Assistant (CNA) × Skilled Nursing Facility (FINAL),Domain 9: Infection Prevention and Standard Precautions,Parent,Workforce Readiness,,,Source: JobStudy_CNA_SNF_FINAL.docx | Date of Review: May 2026
WR CNA_SNF,US,skilled nursing facility,Certified Nursing Assistant (CNA),Skilled Nursing Facility,"Clinical, Non-Medication Dispensing",,,Other Training Reference,Competency,Job Study — Certified Nursing Assistant (CNA) × Skilled Nursing Facility (FINAL),"Knowledge: Describes the federal infection prevention and control program requirements under 42 CFR § 483.80 and the F880 survey framework, including standard precautions, transmission-based precautions, and antibiotic stewardship awareness",Child,Workforce Readiness,,,Source: JobStudy_CNA_SNF_FINAL.docx | Date of Review: May 2026
WR CNA_SNF,US,skilled nursing facility,Certified Nursing Assistant (CNA),Skilled Nursing Facility,"Clinical, Non-Medication Dispensing",,,Other Training Reference,Competency,Job Study — Certified Nursing Assistant (CNA) × Skilled Nursing Facility (FINAL),"Knowledge: Identifies signs and symptoms of common SNF infections (urinary tract infection, lower respiratory infection, skin and soft tissue infection, gastrointestinal illness) and the residents most at risk for outbreak transmission",Child,Workforce Readiness,,,Source: JobStudy_CNA_SNF_FINAL.docx | Date of Review: May 2026
WR CNA_SNF,US,skilled nursing facility,Certified Nursing Assistant (CNA),Skilled Nursing Facility,"Clinical, Non-Medication Dispensing",,,Other Training Reference,Competency,Job Study — Certified Nursing Assistant (CNA) × Skilled Nursing Facility (FINAL),"Skill: Performs hand hygiene, donning and doffing of personal protective equipment, and care of residents on isolation precautions in accordance with facility policy and CDC guidance",Child,Workforce Readiness,,,Source: JobStudy_CNA_SNF_FINAL.docx | Date of Review: May 2026
WR CNA_SNF,US,skilled nursing facility,Certified Nursing Assistant (CNA),Skilled Nursing Facility,"Clinical, Non-Medication Dispensing",,,Other Training Reference,Competency,Job Study — Certified Nursing Assistant (CNA) × Skilled Nursing Facility (FINAL),"Skill: Cleans and disinfects shared equipment, performs proper handling of soiled linen and waste, and maintains environmental hygiene during ADL care",Child,Workforce Readiness,,,Source: JobStudy_CNA_SNF_FINAL.docx | Date of Review: May 2026
WR CNA_SNF,US,skilled nursing facility,Certified Nursing Assistant (CNA),Skilled Nursing Facility,"Clinical, Non-Medication Dispensing",,,Other Training Reference,Competency,Job Study — Certified Nursing Assistant (CNA) × Skilled Nursing Facility (FINAL),"Ability: Recognizes deviations from infection prevention practice (by self, peers, or visitors) and raises them through facility channels rather than normalizing the deviation",Child,Workforce Readiness,,,Source: JobStudy_CNA_SNF_FINAL.docx | Date of Review: May 2026
WR CNA_SNF,US,skilled nursing facility,Certified Nursing Assistant (CNA),Skilled Nursing Facility,"Clinical, Non-Medication Dispensing",,,Other Training Reference,Competency,Job Study — Certified Nursing Assistant (CNA) × Skilled Nursing Facility (FINAL),Domain 10: End-of-Life and Postmortem Care,Parent,Workforce Readiness,,,Source: JobStudy_CNA_SNF_FINAL.docx | Date of Review: May 2026
WR CNA_SNF,US,skilled nursing facility,Certified Nursing Assistant (CNA),Skilled Nursing Facility,"Clinical, Non-Medication Dispensing",,,Other Training Reference,Competency,Job Study — Certified Nursing Assistant (CNA) × Skilled Nursing Facility (FINAL),"Knowledge: Describes the CNA's role in supporting residents on hospice or comfort-focused care plans within the SNF, including coordination with the hospice agency as the primary clinical authority",Child,Workforce Readiness,,,Source: JobStudy_CNA_SNF_FINAL.docx | Date of Review: May 2026
WR CNA_SNF,US,skilled nursing facility,Certified Nursing Assistant (CNA),Skilled Nursing Facility,"Clinical, Non-Medication Dispensing",,,Other Training Reference,Competency,Job Study — Certified Nursing Assistant (CNA) × Skilled Nursing Facility (FINAL),Knowledge: Identifies physical signs of active dying and understands how documented advance directives and code status shift the focus of care toward comfort,Child,Workforce Readiness,,,Source: JobStudy_CNA_SNF_FINAL.docx | Date of Review: May 2026
WR CNA_SNF,US,skilled nursing facility,Certified Nursing Assistant (CNA),Skilled Nursing Facility,"Clinical, Non-Medication Dispensing",,,Other Training Reference,Competency,Job Study — Certified Nursing Assistant (CNA) × Skilled Nursing Facility (FINAL),"Skill: Delivers comfort-focused ADL care, oral care, repositioning, and bowel and bladder management aligned with the resident's plan and reports symptom changes to the charge nurse for licensed-nurse intervention",Child,Workforce Readiness,,,Source: JobStudy_CNA_SNF_FINAL.docx | Date of Review: May 2026
WR CNA_SNF,US,skilled nursing facility,Certified Nursing Assistant (CNA),Skilled Nursing Facility,"Clinical, Non-Medication Dispensing",,,Other Training Reference,Competency,Job Study — Certified Nursing Assistant (CNA) × Skilled Nursing Facility (FINAL),"Skill: Performs postmortem care and supports family presence consistent with facility policy, cultural and religious considerations, and applicable state requirements",Child,Workforce Readiness,,,Source: JobStudy_CNA_SNF_FINAL.docx | Date of Review: May 2026
WR CNA_SNF,US,skilled nursing facility,Certified Nursing Assistant (CNA),Skilled Nursing Facility,"Clinical, Non-Medication Dispensing",,,Other Training Reference,Competency,Job Study — Certified Nursing Assistant (CNA) × Skilled Nursing Facility (FINAL),"Ability: Manages own emotional responses to resident death and supports peers and less-experienced staff, accessing facility and community grief resources as needed",Child,Workforce Readiness,,,Source: JobStudy_CNA_SNF_FINAL.docx | Date of Review: May 2026
WR LVN_SNF,US,skilled nursing facility,Licensed Vocational Nurse (LVN),Skilled Nursing Facility,"Clinical, Medication Dispensing",,,Other Training Reference,Competency,Job Study — Licensed Vocational Nurse (LVN) × Skilled Nursing Facility (FINAL),Domain 1: Federal Regulatory Framework and SNF Compliance,Parent,Workforce Readiness,,,Source: JobStudy_LVN_SNF_FINAL.docx | Date of Review: May 2026
WR LVN_SNF,US,skilled nursing facility,Licensed Vocational Nurse (LVN),Skilled Nursing Facility,"Clinical, Medication Dispensing",,,Other Training Reference,Competency,Job Study — Licensed Vocational Nurse (LVN) × Skilled Nursing Facility (FINAL),"Knowledge: Describes the federal CMS Conditions of Participation for Long-Term Care Facilities (42 CFR 483) as the governing regulatory framework for SNFs, distinguishing federal requirements from state-only regulations that apply in non-certified settings",Child,Workforce Readiness,,,Source: JobStudy_LVN_SNF_FINAL.docx | Date of Review: May 2026
WR LVN_SNF,US,skilled nursing facility,Licensed Vocational Nurse (LVN),Skilled Nursing Facility,"Clinical, Medication Dispensing",,,Other Training Reference,Competency,Job Study — Licensed Vocational Nurse (LVN) × Skilled Nursing Facility (FINAL),"Knowledge: Identifies the mandatory RN on-site 24/7 requirement and understands how this federal supervision structure defines the LVN's practice model in SNFs, including when rural waivers or hardship exemptions may apply",Child,Workforce Readiness,,,Source: JobStudy_LVN_SNF_FINAL.docx | Date of Review: May 2026
WR LVN_SNF,US,skilled nursing facility,Licensed Vocational Nurse (LVN),Skilled Nursing Facility,"Clinical, Medication Dispensing",,,Other Training Reference,Competency,Job Study — Licensed Vocational Nurse (LVN) × Skilled Nursing Facility (FINAL),"Knowledge: Understands the dual-layer regulatory model in SNFs: state Board of Nursing governs LVN scope of practice, while CMS governs facility operations, care processes, and quality standards",Child,Workforce Readiness,,,Source: JobStudy_LVN_SNF_FINAL.docx | Date of Review: May 2026
WR LVN_SNF,US,skilled nursing facility,Licensed Vocational Nurse (LVN),Skilled Nursing Facility,"Clinical, Medication Dispensing",,,Other Training Reference,Competency,Job Study — Licensed Vocational Nurse (LVN) × Skilled Nursing Facility (FINAL),"Skill: Applies facility policies and procedures that simultaneously comply with state Nurse Practice Act requirements, federal Conditions of Participation (CoPs), and facility-specific care protocols",Child,Workforce Readiness,,,Source: JobStudy_LVN_SNF_FINAL.docx | Date of Review: May 2026
WR LVN_SNF,US,skilled nursing facility,Licensed Vocational Nurse (LVN),Skilled Nursing Facility,"Clinical, Medication Dispensing",,,Other Training Reference,Competency,Job Study — Licensed Vocational Nurse (LVN) × Skilled Nursing Facility (FINAL),Ability: Recognizes when a requested task falls outside LVN scope under state or federal requirements and escalates appropriately to the supervising RN or Director of Nursing,Child,Workforce Readiness,,,Source: JobStudy_LVN_SNF_FINAL.docx | Date of Review: May 2026
WR LVN_SNF,US,skilled nursing facility,Licensed Vocational Nurse (LVN),Skilled Nursing Facility,"Clinical, Medication Dispensing",,,Other Training Reference,Competency,Job Study — Licensed Vocational Nurse (LVN) × Skilled Nursing Facility (FINAL),Domain 2: Resident Assessment and the MDS/RAI Process,Parent,Workforce Readiness,,,Source: JobStudy_LVN_SNF_FINAL.docx | Date of Review: May 2026
WR LVN_SNF,US,skilled nursing facility,Licensed Vocational Nurse (LVN),Skilled Nursing Facility,"Clinical, Medication Dispensing",,,Other Training Reference,Competency,Job Study — Licensed Vocational Nurse (LVN) × Skilled Nursing Facility (FINAL),"Knowledge: Describes the Resident Assessment Instrument (RAI) process, including the Minimum Data Set (MDS) assessment, Care Area Assessment (CAA), and interdisciplinary care planning requirements mandated by federal regulations",Child,Workforce Readiness,,,Source: JobStudy_LVN_SNF_FINAL.docx | Date of Review: May 2026
WR LVN_SNF,US,skilled nursing facility,Licensed Vocational Nurse (LVN),Skilled Nursing Facility,"Clinical, Medication Dispensing",,,Other Training Reference,Competency,Job Study — Licensed Vocational Nurse (LVN) × Skilled Nursing Facility (FINAL),"Knowledge: Identifies the LVN's permitted role in MDS completion: may complete quarterly (focused) MDS assessments independently and contribute data to comprehensive assessments, but may not sign comprehensive MDS assessments (RN or physician signature required)",Child,Workforce Readiness,,,Source: JobStudy_LVN_SNF_FINAL.docx | Date of Review: May 2026
WR LVN_SNF,US,skilled nursing facility,Licensed Vocational Nurse (LVN),Skilled Nursing Facility,"Clinical, Medication Dispensing",,,Other Training Reference,Competency,Job Study — Licensed Vocational Nurse (LVN) × Skilled Nursing Facility (FINAL),"Skill: Accurately codes MDS sections within LVN scope, documenting resident functional status, cognitive patterns, mood, behavior, bowel and bladder function, skin condition, and other observable clinical data",Child,Workforce Readiness,,,Source: JobStudy_LVN_SNF_FINAL.docx | Date of Review: May 2026
WR LVN_SNF,US,skilled nursing facility,Licensed Vocational Nurse (LVN),Skilled Nursing Facility,"Clinical, Medication Dispensing",,,Other Training Reference,Competency,Job Study — Licensed Vocational Nurse (LVN) × Skilled Nursing Facility (FINAL),Skill: Contributes meaningful clinical observations to the interdisciplinary team during care plan meetings and communicates assessment findings that trigger CAAs,Child,Workforce Readiness,,,Source: JobStudy_LVN_SNF_FINAL.docx | Date of Review: May 2026
WR LVN_SNF,US,skilled nursing facility,Licensed Vocational Nurse (LVN),Skilled Nursing Facility,"Clinical, Medication Dispensing",,,Other Training Reference,Competency,Job Study — Licensed Vocational Nurse (LVN) × Skilled Nursing Facility (FINAL),Ability: Recognizes clinically significant changes in resident condition and notifies the RN or MDS coordinator within required timeframes,Child,Workforce Readiness,,,Source: JobStudy_LVN_SNF_FINAL.docx | Date of Review: May 2026
WR LVN_SNF,US,skilled nursing facility,Licensed Vocational Nurse (LVN),Skilled Nursing Facility,"Clinical, Medication Dispensing",,,Other Training Reference,Competency,Job Study — Licensed Vocational Nurse (LVN) × Skilled Nursing Facility (FINAL),Domain 3: Nursing Practice Under RN Supervision,Parent,Workforce Readiness,,,Source: JobStudy_LVN_SNF_FINAL.docx | Date of Review: May 2026
WR LVN_SNF,US,skilled nursing facility,Licensed Vocational Nurse (LVN),Skilled Nursing Facility,"Clinical, Medication Dispensing",,,Other Training Reference,Competency,Job Study — Licensed Vocational Nurse (LVN) × Skilled Nursing Facility (FINAL),Knowledge: Understands the federal requirement for RN supervision of LVN practice in SNFs and differentiates this continuous RN oversight model from the more autonomous LVN role in non-certified settings,Child,Workforce Readiness,,,Source: JobStudy_LVN_SNF_FINAL.docx | Date of Review: May 2026
WR LVN_SNF,US,skilled nursing facility,Licensed Vocational Nurse (LVN),Skilled Nursing Facility,"Clinical, Medication Dispensing",,,Other Training Reference,Competency,Job Study — Licensed Vocational Nurse (LVN) × Skilled Nursing Facility (FINAL),"Knowledge: Identifies tasks that require RN presence, RN delegation, or RN co-signature under facility policy and state scope of practice rules, including IV medication administration, blood transfusions, and initial nursing assessments",Child,Workforce Readiness,,,Source: JobStudy_LVN_SNF_FINAL.docx | Date of Review: May 2026
WR LVN_SNF,US,skilled nursing facility,Licensed Vocational Nurse (LVN),Skilled Nursing Facility,"Clinical, Medication Dispensing",,,Other Training Reference,Competency,Job Study — Licensed Vocational Nurse (LVN) × Skilled Nursing Facility (FINAL),"Skill: Communicates clinical concerns, resident status changes, and care plan deviations to the supervising RN using structured communication tools (SBAR, situation reports, shift reports)",Child,Workforce Readiness,,,Source: JobStudy_LVN_SNF_FINAL.docx | Date of Review: May 2026
WR LVN_SNF,US,skilled nursing facility,Licensed Vocational Nurse (LVN),Skilled Nursing Facility,"Clinical, Medication Dispensing",,,Other Training Reference,Competency,Job Study — Licensed Vocational Nurse (LVN) × Skilled Nursing Facility (FINAL),"Skill: Accepts delegated tasks from the RN within LVN scope, confirms understanding of parameters and expected outcomes, and provides feedback on task completion and resident response",Child,Workforce Readiness,,,Source: JobStudy_LVN_SNF_FINAL.docx | Date of Review: May 2026
WR LVN_SNF,US,skilled nursing facility,Licensed Vocational Nurse (LVN),Skilled Nursing Facility,"Clinical, Medication Dispensing",,,Other Training Reference,Competency,Job Study — Licensed Vocational Nurse (LVN) × Skilled Nursing Facility (FINAL),Ability: Maintains professional accountability for LVN-scope tasks while recognizing the RN retains ultimate accountability for resident care outcomes under the federal supervision model,Child,Workforce Readiness,,,Source: JobStudy_LVN_SNF_FINAL.docx | Date of Review: May 2026
WR LVN_SNF,US,skilled nursing facility,Licensed Vocational Nurse (LVN),Skilled Nursing Facility,"Clinical, Medication Dispensing",,,Other Training Reference,Competency,Job Study — Licensed Vocational Nurse (LVN) × Skilled Nursing Facility (FINAL),Domain 4: Medication Administration and Management in SNFs,Parent,Workforce Readiness,,,Source: JobStudy_LVN_SNF_FINAL.docx | Date of Review: May 2026
WR LVN_SNF,US,skilled nursing facility,Licensed Vocational Nurse (LVN),Skilled Nursing Facility,"Clinical, Medication Dispensing",,,Other Training Reference,Competency,Job Study — Licensed Vocational Nurse (LVN) × Skilled Nursing Facility (FINAL),"Knowledge: Describes the medication management system in SNFs, including physician ordering, pharmacy dispensing, nursing administration, and documentation requirements under federal and state regulations",Child,Workforce Readiness,,,Source: JobStudy_LVN_SNF_FINAL.docx | Date of Review: May 2026
WR LVN_SNF,US,skilled nursing facility,Licensed Vocational Nurse (LVN),Skilled Nursing Facility,"Clinical, Medication Dispensing",,,Other Training Reference,Competency,Job Study — Licensed Vocational Nurse (LVN) × Skilled Nursing Facility (FINAL),"Knowledge: Identifies high-alert medications common in the SNF population - anticoagulants, insulin, opioids, psychotropics, antibiotics - and the specific monitoring, adverse effect recognition, and documentation required for each category",Child,Workforce Readiness,,,Source: JobStudy_LVN_SNF_FINAL.docx | Date of Review: May 2026
WR LVN_SNF,US,skilled nursing facility,Licensed Vocational Nurse (LVN),Skilled Nursing Facility,"Clinical, Medication Dispensing",,,Other Training Reference,Competency,Job Study — Licensed Vocational Nurse (LVN) × Skilled Nursing Facility (FINAL),"Skill: Administers medications via all routes within LVN scope (oral, topical, subcutaneous, intramuscular, rectal, ophthalmic, otic, inhaled) and recognizes when routes exceed scope (e.g., IV push in many states)",Child,Workforce Readiness,,,Source: JobStudy_LVN_SNF_FINAL.docx | Date of Review: May 2026
WR LVN_SNF,US,skilled nursing facility,Licensed Vocational Nurse (LVN),Skilled Nursing Facility,"Clinical, Medication Dispensing",,,Other Training Reference,Competency,Job Study — Licensed Vocational Nurse (LVN) × Skilled Nursing Facility (FINAL),"Skill: Documents medication administration accurately and timely in the Medication Administration Record (MAR), including administration, refusals, hold parameters, effectiveness, and adverse reactions",Child,Workforce Readiness,,,Source: JobStudy_LVN_SNF_FINAL.docx | Date of Review: May 2026
WR LVN_SNF,US,skilled nursing facility,Licensed Vocational Nurse (LVN),Skilled Nursing Facility,"Clinical, Medication Dispensing",,,Other Training Reference,Competency,Job Study — Licensed Vocational Nurse (LVN) × Skilled Nursing Facility (FINAL),"Ability: Identifies medication errors, near-misses, and adverse drug events; follows facility error reporting and disclosure protocols; and participates in root cause analysis and quality improvement activities",Child,Workforce Readiness,,,Source: JobStudy_LVN_SNF_FINAL.docx | Date of Review: May 2026
WR LVN_SNF,US,skilled nursing facility,Licensed Vocational Nurse (LVN),Skilled Nursing Facility,"Clinical, Medication Dispensing",,,Other Training Reference,Competency,Job Study — Licensed Vocational Nurse (LVN) × Skilled Nursing Facility (FINAL),Domain 5: Care Planning and Interdisciplinary Team Participation,Parent,Workforce Readiness,,,Source: JobStudy_LVN_SNF_FINAL.docx | Date of Review: May 2026
WR LVN_SNF,US,skilled nursing facility,Licensed Vocational Nurse (LVN),Skilled Nursing Facility,"Clinical, Medication Dispensing",,,Other Training Reference,Competency,Job Study — Licensed Vocational Nurse (LVN) × Skilled Nursing Facility (FINAL),"Knowledge: Describes the federally-required interdisciplinary care planning process in SNFs, including the composition of the IDT, required care plan conferences, and timelines for plan development and revision",Child,Workforce Readiness,,,Source: JobStudy_LVN_SNF_FINAL.docx | Date of Review: May 2026
WR LVN_SNF,US,skilled nursing facility,Licensed Vocational Nurse (LVN),Skilled Nursing Facility,"Clinical, Medication Dispensing",,,Other Training Reference,Competency,Job Study — Licensed Vocational Nurse (LVN) × Skilled Nursing Facility (FINAL),"Knowledge: Understands the LVN's role in care plan execution: implements RN-developed care plans, documents resident response to interventions, and contributes observations that inform plan revisions",Child,Workforce Readiness,,,Source: JobStudy_LVN_SNF_FINAL.docx | Date of Review: May 2026
WR LVN_SNF,US,skilled nursing facility,Licensed Vocational Nurse (LVN),Skilled Nursing Facility,"Clinical, Medication Dispensing",,,Other Training Reference,Competency,Job Study — Licensed Vocational Nurse (LVN) × Skilled Nursing Facility (FINAL),"Skill: Participates effectively in IDT care plan meetings by presenting objective clinical observations, resident and family input, and barriers to care plan implementation",Child,Workforce Readiness,,,Source: JobStudy_LVN_SNF_FINAL.docx | Date of Review: May 2026
WR LVN_SNF,US,skilled nursing facility,Licensed Vocational Nurse (LVN),Skilled Nursing Facility,"Clinical, Medication Dispensing",,,Other Training Reference,Competency,Job Study — Licensed Vocational Nurse (LVN) × Skilled Nursing Facility (FINAL),"Skill: Translates care plan goals and interventions into shift-level nursing tasks, communicates care plan elements to CNAs, and monitors for consistent implementation across shifts",Child,Workforce Readiness,,,Source: JobStudy_LVN_SNF_FINAL.docx | Date of Review: May 2026
WR LVN_SNF,US,skilled nursing facility,Licensed Vocational Nurse (LVN),Skilled Nursing Facility,"Clinical, Medication Dispensing",,,Other Training Reference,Competency,Job Study — Licensed Vocational Nurse (LVN) × Skilled Nursing Facility (FINAL),Ability: Recognizes when a care plan is not achieving intended outcomes and initiates discussion with the RN or IDT to revise approaches based on resident response,Child,Workforce Readiness,,,Source: JobStudy_LVN_SNF_FINAL.docx | Date of Review: May 2026
WR LVN_SNF,US,skilled nursing facility,Licensed Vocational Nurse (LVN),Skilled Nursing Facility,"Clinical, Medication Dispensing",,,Other Training Reference,Competency,Job Study — Licensed Vocational Nurse (LVN) × Skilled Nursing Facility (FINAL),Domain 6: Post-Acute and Rehabilitation Care Coordination,Parent,Workforce Readiness,,,Source: JobStudy_LVN_SNF_FINAL.docx | Date of Review: May 2026
WR LVN_SNF,US,skilled nursing facility,Licensed Vocational Nurse (LVN),Skilled Nursing Facility,"Clinical, Medication Dispensing",,,Other Training Reference,Competency,Job Study — Licensed Vocational Nurse (LVN) × Skilled Nursing Facility (FINAL),"Knowledge: Identifies the characteristics of Medicare Part A skilled nursing care, including qualifying hospital stays, skilled service requirements, and the prospective payment system that drives short-stay SNF reimbursement",Child,Workforce Readiness,,,Source: JobStudy_LVN_SNF_FINAL.docx | Date of Review: May 2026
WR LVN_SNF,US,skilled nursing facility,Licensed Vocational Nurse (LVN),Skilled Nursing Facility,"Clinical, Medication Dispensing",,,Other Training Reference,Competency,Job Study — Licensed Vocational Nurse (LVN) × Skilled Nursing Facility (FINAL),"Knowledge: Describes the LVN's role in supporting rehabilitation goals for post-acute patients, including coordination with physical therapy, occupational therapy, and speech-language pathology services",Child,Workforce Readiness,,,Source: JobStudy_LVN_SNF_FINAL.docx | Date of Review: May 2026
WR LVN_SNF,US,skilled nursing facility,Licensed Vocational Nurse (LVN),Skilled Nursing Facility,"Clinical, Medication Dispensing",,,Other Training Reference,Competency,Job Study — Licensed Vocational Nurse (LVN) × Skilled Nursing Facility (FINAL),"Skill: Documents skilled nursing observations and interventions that support Medicare coverage criteria, including changes in condition, response to therapy, and progress toward discharge goals",Child,Workforce Readiness,,,Source: JobStudy_LVN_SNF_FINAL.docx | Date of Review: May 2026
WR LVN_SNF,US,skilled nursing facility,Licensed Vocational Nurse (LVN),Skilled Nursing Facility,"Clinical, Medication Dispensing",,,Other Training Reference,Competency,Job Study — Licensed Vocational Nurse (LVN) × Skilled Nursing Facility (FINAL),"Skill: Communicates with therapy staff regarding resident tolerance, functional status changes, and care plan modifications needed to support safe therapy participation",Child,Workforce Readiness,,,Source: JobStudy_LVN_SNF_FINAL.docx | Date of Review: May 2026
WR LVN_SNF,US,skilled nursing facility,Licensed Vocational Nurse (LVN),Skilled Nursing Facility,"Clinical, Medication Dispensing",,,Other Training Reference,Competency,Job Study — Licensed Vocational Nurse (LVN) × Skilled Nursing Facility (FINAL),"Ability: Recognizes when a short-stay resident's condition changes in ways that affect discharge planning (e.g., new pressure injury, hospital readmission risk, loss of caregiver) and escalates to the IDT and social services",Child,Workforce Readiness,,,Source: JobStudy_LVN_SNF_FINAL.docx | Date of Review: May 2026
WR LVN_SNF,US,skilled nursing facility,Licensed Vocational Nurse (LVN),Skilled Nursing Facility,"Clinical, Medication Dispensing",,,Other Training Reference,Competency,Job Study — Licensed Vocational Nurse (LVN) × Skilled Nursing Facility (FINAL),Domain 7: Delegation and Supervision of CNAs,Parent,Workforce Readiness,,,Source: JobStudy_LVN_SNF_FINAL.docx | Date of Review: May 2026
WR LVN_SNF,US,skilled nursing facility,Licensed Vocational Nurse (LVN),Skilled Nursing Facility,"Clinical, Medication Dispensing",,,Other Training Reference,Competency,Job Study — Licensed Vocational Nurse (LVN) × Skilled Nursing Facility (FINAL),Knowledge: Applies federal OBRA requirements for CNA training and competency evaluation and understands the LVN's role in validating CNA competence prior to delegation,Child,Workforce Readiness,,,Source: JobStudy_LVN_SNF_FINAL.docx | Date of Review: May 2026
WR LVN_SNF,US,skilled nursing facility,Licensed Vocational Nurse (LVN),Skilled Nursing Facility,"Clinical, Medication Dispensing",,,Other Training Reference,Competency,Job Study — Licensed Vocational Nurse (LVN) × Skilled Nursing Facility (FINAL),"Knowledge: Identifies tasks that may be delegated to CNAs under state regulations and facility policy, and those that must be retained by licensed staff (e.g., sterile procedures, assessment, medication administration)",Child,Workforce Readiness,,,Source: JobStudy_LVN_SNF_FINAL.docx | Date of Review: May 2026
WR LVN_SNF,US,skilled nursing facility,Licensed Vocational Nurse (LVN),Skilled Nursing Facility,"Clinical, Medication Dispensing",,,Other Training Reference,Competency,Job Study — Licensed Vocational Nurse (LVN) × Skilled Nursing Facility (FINAL),"Skill: Delegates resident care tasks to CNAs using the Five Rights of Delegation framework, provides clear direction and parameters, and monitors task completion and resident outcomes",Child,Workforce Readiness,,,Source: JobStudy_LVN_SNF_FINAL.docx | Date of Review: May 2026
WR LVN_SNF,US,skilled nursing facility,Licensed Vocational Nurse (LVN),Skilled Nursing Facility,"Clinical, Medication Dispensing",,,Other Training Reference,Competency,Job Study — Licensed Vocational Nurse (LVN) × Skilled Nursing Facility (FINAL),"Skill: Provides supervision and mentoring to CNAs, including skill validation, performance feedback, and correction of care delivery errors or safety violations",Child,Workforce Readiness,,,Source: JobStudy_LVN_SNF_FINAL.docx | Date of Review: May 2026
WR LVN_SNF,US,skilled nursing facility,Licensed Vocational Nurse (LVN),Skilled Nursing Facility,"Clinical, Medication Dispensing",,,Other Training Reference,Competency,Job Study — Licensed Vocational Nurse (LVN) × Skilled Nursing Facility (FINAL),"Ability: Recognizes unsafe CNA practice or competency gaps and takes appropriate action, including re-education, re-delegation of tasks, or escalation to the Director of Nursing and administrator",Child,Workforce Readiness,,,Source: JobStudy_LVN_SNF_FINAL.docx | Date of Review: May 2026
WR LVN_SNF,US,skilled nursing facility,Licensed Vocational Nurse (LVN),Skilled Nursing Facility,"Clinical, Medication Dispensing",,,Other Training Reference,Competency,Job Study — Licensed Vocational Nurse (LVN) × Skilled Nursing Facility (FINAL),Domain 8: Quality Assurance and Performance Improvement (QAPI),Parent,Workforce Readiness,,,Source: JobStudy_LVN_SNF_FINAL.docx | Date of Review: May 2026
WR LVN_SNF,US,skilled nursing facility,Licensed Vocational Nurse (LVN),Skilled Nursing Facility,"Clinical, Medication Dispensing",,,Other Training Reference,Competency,Job Study — Licensed Vocational Nurse (LVN) × Skilled Nursing Facility (FINAL),"Knowledge: Describes the federally-required QAPI program in SNFs, including systematic data collection, performance measure tracking, and continuous improvement activities",Child,Workforce Readiness,,,Source: JobStudy_LVN_SNF_FINAL.docx | Date of Review: May 2026
WR LVN_SNF,US,skilled nursing facility,Licensed Vocational Nurse (LVN),Skilled Nursing Facility,"Clinical, Medication Dispensing",,,Other Training Reference,Competency,Job Study — Licensed Vocational Nurse (LVN) × Skilled Nursing Facility (FINAL),"Knowledge: Identifies key SNF quality measures that LVN practice directly impacts: falls, pressure injuries, catheter-associated UTIs, antipsychotic use, pain management, and re-hospitalization rates",Child,Workforce Readiness,,,Source: JobStudy_LVN_SNF_FINAL.docx | Date of Review: May 2026
WR LVN_SNF,US,skilled nursing facility,Licensed Vocational Nurse (LVN),Skilled Nursing Facility,"Clinical, Medication Dispensing",,,Other Training Reference,Competency,Job Study — Licensed Vocational Nurse (LVN) × Skilled Nursing Facility (FINAL),"Skill: Participates in facility QAPI activities by contributing data, identifying care delivery barriers, and implementing evidence-based practice changes within the LVN scope",Child,Workforce Readiness,,,Source: JobStudy_LVN_SNF_FINAL.docx | Date of Review: May 2026
WR LVN_SNF,US,skilled nursing facility,Licensed Vocational Nurse (LVN),Skilled Nursing Facility,"Clinical, Medication Dispensing",,,Other Training Reference,Competency,Job Study — Licensed Vocational Nurse (LVN) × Skilled Nursing Facility (FINAL),"Skill: Uses clinical data from MDS, incident reports, and quality indicator reports to recognize patterns in resident outcomes and suggest interventions to the QAPI committee or RN leadership",Child,Workforce Readiness,,,Source: JobStudy_LVN_SNF_FINAL.docx | Date of Review: May 2026
WR LVN_SNF,US,skilled nursing facility,Licensed Vocational Nurse (LVN),Skilled Nursing Facility,"Clinical, Medication Dispensing",,,Other Training Reference,Competency,Job Study — Licensed Vocational Nurse (LVN) × Skilled Nursing Facility (FINAL),"Ability: Integrates quality improvement principles into daily practice, viewing adverse events as learning opportunities and contributing to a culture of continuous improvement",Child,Workforce Readiness,,,Source: JobStudy_LVN_SNF_FINAL.docx | Date of Review: May 2026
WR LVN_SNF,US,skilled nursing facility,Licensed Vocational Nurse (LVN),Skilled Nursing Facility,"Clinical, Medication Dispensing",,,Other Training Reference,Competency,Job Study — Licensed Vocational Nurse (LVN) × Skilled Nursing Facility (FINAL),Domain 9: Infection Prevention and Control,Parent,Workforce Readiness,,,Source: JobStudy_LVN_SNF_FINAL.docx | Date of Review: May 2026
WR LVN_SNF,US,skilled nursing facility,Licensed Vocational Nurse (LVN),Skilled Nursing Facility,"Clinical, Medication Dispensing",,,Other Training Reference,Competency,Job Study — Licensed Vocational Nurse (LVN) × Skilled Nursing Facility (FINAL),"Knowledge: Describes the federally-required infection prevention and control program in SNFs, including the designation of an Infection Preventionist, surveillance protocols, and outbreak response procedures",Child,Workforce Readiness,,,Source: JobStudy_LVN_SNF_FINAL.docx | Date of Review: May 2026
WR LVN_SNF,US,skilled nursing facility,Licensed Vocational Nurse (LVN),Skilled Nursing Facility,"Clinical, Medication Dispensing",,,Other Training Reference,Competency,Job Study — Licensed Vocational Nurse (LVN) × Skilled Nursing Facility (FINAL),"Knowledge: Identifies common healthcare-associated infections in SNF populations - urinary tract infections, respiratory infections, skin and soft tissue infections, Clostridioides difficile - and evidence-based prevention strategies for each",Child,Workforce Readiness,,,Source: JobStudy_LVN_SNF_FINAL.docx | Date of Review: May 2026
WR LVN_SNF,US,skilled nursing facility,Licensed Vocational Nurse (LVN),Skilled Nursing Facility,"Clinical, Medication Dispensing",,,Other Training Reference,Competency,Job Study — Licensed Vocational Nurse (LVN) × Skilled Nursing Facility (FINAL),"Skill: Implements standard and transmission-based precautions consistently, including hand hygiene, personal protective equipment use, environmental cleaning validation, and isolation protocols",Child,Workforce Readiness,,,Source: JobStudy_LVN_SNF_FINAL.docx | Date of Review: May 2026
WR LVN_SNF,US,skilled nursing facility,Licensed Vocational Nurse (LVN),Skilled Nursing Facility,"Clinical, Medication Dispensing",,,Other Training Reference,Competency,Job Study — Licensed Vocational Nurse (LVN) × Skilled Nursing Facility (FINAL),"Skill: Recognizes signs and symptoms of infection in residents, initiates facility infection investigation protocols, and communicates findings to the physician and infection preventionist",Child,Workforce Readiness,,,Source: JobStudy_LVN_SNF_FINAL.docx | Date of Review: May 2026
WR LVN_SNF,US,skilled nursing facility,Licensed Vocational Nurse (LVN),Skilled Nursing Facility,"Clinical, Medication Dispensing",,,Other Training Reference,Competency,Job Study — Licensed Vocational Nurse (LVN) × Skilled Nursing Facility (FINAL),"Ability: Serves as a role model for infection prevention practices, educates CNAs on proper technique, and intervenes when infection control breaches are observed",Child,Workforce Readiness,,,Source: JobStudy_LVN_SNF_FINAL.docx | Date of Review: May 2026
WR LVN_SNF,US,skilled nursing facility,Licensed Vocational Nurse (LVN),Skilled Nursing Facility,"Clinical, Medication Dispensing",,,Other Training Reference,Competency,Job Study — Licensed Vocational Nurse (LVN) × Skilled Nursing Facility (FINAL),Domain 10: Documentation and Legal Defensibility,Parent,Workforce Readiness,,,Source: JobStudy_LVN_SNF_FINAL.docx | Date of Review: May 2026
WR LVN_SNF,US,skilled nursing facility,Licensed Vocational Nurse (LVN),Skilled Nursing Facility,"Clinical, Medication Dispensing",,,Other Training Reference,Competency,Job Study — Licensed Vocational Nurse (LVN) × Skilled Nursing Facility (FINAL),"Knowledge: Understands that SNF documentation serves multiple purposes: clinical communication, regulatory compliance, survey readiness, legal defensibility, and Medicare/Medicaid reimbursement support",Child,Workforce Readiness,,,Source: JobStudy_LVN_SNF_FINAL.docx | Date of Review: May 2026
WR LVN_SNF,US,skilled nursing facility,Licensed Vocational Nurse (LVN),Skilled Nursing Facility,"Clinical, Medication Dispensing",,,Other Training Reference,Competency,Job Study — Licensed Vocational Nurse (LVN) × Skilled Nursing Facility (FINAL),"Knowledge: Identifies the specific documentation requirements for LVNs in SNFs: progress notes, MDS data entry, medication administration records, treatment records, incident reports, and physician communication logs",Child,Workforce Readiness,,,Source: JobStudy_LVN_SNF_FINAL.docx | Date of Review: May 2026
WR LVN_SNF,US,skilled nursing facility,Licensed Vocational Nurse (LVN),Skilled Nursing Facility,"Clinical, Medication Dispensing",,,Other Training Reference,Competency,Job Study — Licensed Vocational Nurse (LVN) × Skilled Nursing Facility (FINAL),"Skill: Produces objective, timely, and legally defensible nursing documentation that reflects the nursing process (assessment, intervention, evaluation) within LVN scope and supports care plan implementation",Child,Workforce Readiness,,,Source: JobStudy_LVN_SNF_FINAL.docx | Date of Review: May 2026
WR LVN_SNF,US,skilled nursing facility,Licensed Vocational Nurse (LVN),Skilled Nursing Facility,"Clinical, Medication Dispensing",,,Other Training Reference,Competency,Job Study — Licensed Vocational Nurse (LVN) × Skilled Nursing Facility (FINAL),"Skill: Documents skilled nursing observations and interventions using terminology that aligns with Medicare coverage criteria, MDS section definitions, and care area triggers",Child,Workforce Readiness,,,Source: JobStudy_LVN_SNF_FINAL.docx | Date of Review: May 2026
WR LVN_SNF,US,skilled nursing facility,Licensed Vocational Nurse (LVN),Skilled Nursing Facility,"Clinical, Medication Dispensing",,,Other Training Reference,Competency,Job Study — Licensed Vocational Nurse (LVN) × Skilled Nursing Facility (FINAL),"Ability: Recognizes documentation that creates legal or regulatory risk (e.g., late entries, alterations, failure to document fall interventions) and follows facility policies for correction and disclosure",Child,Workforce Readiness,,,Source: JobStudy_LVN_SNF_FINAL.docx | Date of Review: May 2026
WR LVN_SNF,US,skilled nursing facility,Licensed Vocational Nurse (LVN),Skilled Nursing Facility,"Clinical, Medication Dispensing",,,Other Training Reference,Competency,Job Study — Licensed Vocational Nurse (LVN) × Skilled Nursing Facility (FINAL),Domain 11: End-of-Life and Postmortem Care,Parent,Workforce Readiness,,,Source: JobStudy_LVN_SNF_FINAL.docx | Date of Review: May 2026
WR LVN_SNF,US,skilled nursing facility,Licensed Vocational Nurse (LVN),Skilled Nursing Facility,"Clinical, Medication Dispensing",,,Other Training Reference,Competency,Job Study — Licensed Vocational Nurse (LVN) × Skilled Nursing Facility (FINAL),"Knowledge: Describes the LVN’s role in supporting residents on hospice or comfort-focused care plans within the SNF, including coordination with the hospice agency as the primary clinical authority",Child,Workforce Readiness,,,Source: JobStudy_LVN_SNF_FINAL.docx | Date of Review: May 2026
WR LVN_SNF,US,skilled nursing facility,Licensed Vocational Nurse (LVN),Skilled Nursing Facility,"Clinical, Medication Dispensing",,,Other Training Reference,Competency,Job Study — Licensed Vocational Nurse (LVN) × Skilled Nursing Facility (FINAL),Knowledge: Identifies physical signs of active dying and understands how documented advance directives and code status shift the focus of care toward comfort,Child,Workforce Readiness,,,Source: JobStudy_LVN_SNF_FINAL.docx | Date of Review: May 2026
WR LVN_SNF,US,skilled nursing facility,Licensed Vocational Nurse (LVN),Skilled Nursing Facility,"Clinical, Medication Dispensing",,,Other Training Reference,Competency,Job Study — Licensed Vocational Nurse (LVN) × Skilled Nursing Facility (FINAL),"Skill: Delivers comfort-focused ADL care, oral care, repositioning, and bowel and bladder management aligned with the resident's plan",Child,Workforce Readiness,,,Source: JobStudy_LVN_SNF_FINAL.docx | Date of Review: May 2026
WR LVN_SNF,US,skilled nursing facility,Licensed Vocational Nurse (LVN),Skilled Nursing Facility,"Clinical, Medication Dispensing",,,Other Training Reference,Competency,Job Study — Licensed Vocational Nurse (LVN) × Skilled Nursing Facility (FINAL),"Skill: Performs postmortem care and supports family presence consistent with facility policy, cultural and religious considerations, and applicable state requirements",Child,Workforce Readiness,,,Source: JobStudy_LVN_SNF_FINAL.docx | Date of Review: May 2026
WR LVN_SNF,US,skilled nursing facility,Licensed Vocational Nurse (LVN),Skilled Nursing Facility,"Clinical, Medication Dispensing",,,Other Training Reference,Competency,Job Study — Licensed Vocational Nurse (LVN) × Skilled Nursing Facility (FINAL),"Ability: Manages own emotional responses to resident death and supports peers and less-experienced staff, accessing facility and community grief resources as needed",Child,Workforce Readiness,,,Source: JobStudy_LVN_SNF_FINAL.docx | Date of Review: May 2026
WR RN_SNF,US,skilled nursing facility,Registered Nurse (RN),Skilled Nursing Facility,"Clinical, Medication Dispensing",,,Other Training Reference,Competency,Job Study — Registered Nurse (RN) × Skilled Nursing Facility (FINAL),Domain 1: Regulatory & Care Setting Orientation,Parent,Workforce Readiness,,,Source: JobStudy_RN_SNF_FINAL.docx | Date of Review: May 2026
WR RN_SNF,US,skilled nursing facility,Registered Nurse (RN),Skilled Nursing Facility,"Clinical, Medication Dispensing",,,Other Training Reference,Competency,Job Study — Registered Nurse (RN) × Skilled Nursing Facility (FINAL),"Knowledge: Articulates the federal regulatory architecture for SNFs - OBRA-87, the Social Security Act (Sections 1819 and 1919), and 42 CFR Part 483 Subpart B Requirements of Participation (RoPs) - and the phased RoP implementation that has shaped current compliance expectations",Child,Workforce Readiness,,,Source: JobStudy_RN_SNF_FINAL.docx | Date of Review: May 2026
WR RN_SNF,US,skilled nursing facility,Registered Nurse (RN),Skilled Nursing Facility,"Clinical, Medication Dispensing",,,Other Training Reference,Competency,Job Study — Registered Nurse (RN) × Skilled Nursing Facility (FINAL),"Knowledge: Identifies the role of the CMS State Operations Manual (SOM) Appendix PP and the F-Tag system in operationalizing the RoP, the survey and certification process conducted by state survey agencies on CMS's behalf, and the enforcement remedies (civil money penalties, denial of payment for new admissions, termination) that follow deficiency citations",Child,Workforce Readiness,,,Source: JobStudy_RN_SNF_FINAL.docx | Date of Review: May 2026
WR RN_SNF,US,skilled nursing facility,Registered Nurse (RN),Skilled Nursing Facility,"Clinical, Medication Dispensing",,,Other Training Reference,Competency,Job Study — Registered Nurse (RN) × Skilled Nursing Facility (FINAL),"Knowledge: Describes the current federal nursing staffing standard following the 2025-2026 vacatur and rescission of the 2024 Minimum Staffing Rule - an RN required at least 8 consecutive hours per day, 7 days per week, plus a Director of Nursing - and the 10-year enforcement moratorium on prior HPRD and 24/7 RN minimums running through September 30, 2034",Child,Workforce Readiness,,,Source: JobStudy_RN_SNF_FINAL.docx | Date of Review: May 2026
WR RN_SNF,US,skilled nursing facility,Registered Nurse (RN),Skilled Nursing Facility,"Clinical, Medication Dispensing",,,Other Training Reference,Competency,Job Study — Registered Nurse (RN) × Skilled Nursing Facility (FINAL),"Skill: Maintains ongoing familiarity with evolving federal regulations and translates federal RoP, Appendix PP interpretive guidance, and applicable state nursing facility licensure rules into facility policy, daily clinical practice, and survey-ready documentation",Child,Workforce Readiness,,,Source: JobStudy_RN_SNF_FINAL.docx | Date of Review: May 2026
WR RN_SNF,US,skilled nursing facility,Registered Nurse (RN),Skilled Nursing Facility,"Clinical, Medication Dispensing",,,Other Training Reference,Competency,Job Study — Registered Nurse (RN) × Skilled Nursing Facility (FINAL),"Ability: Reconciles conflicts among the federal RoP, the state NPA, state nursing facility licensure rules, and facility policy, and resolves them through documented clinical judgment and escalation to the DON, administrator, medical director, or regulator as appropriate",Child,Workforce Readiness,,,Source: JobStudy_RN_SNF_FINAL.docx | Date of Review: May 2026
WR RN_SNF,US,skilled nursing facility,Registered Nurse (RN),Skilled Nursing Facility,"Clinical, Medication Dispensing",,,Other Training Reference,Competency,Job Study — Registered Nurse (RN) × Skilled Nursing Facility (FINAL),"Domain 2: Resident Rights, Autonomy, and Person-Centered Care",Parent,Workforce Readiness,,,Source: JobStudy_RN_SNF_FINAL.docx | Date of Review: May 2026
WR RN_SNF,US,skilled nursing facility,Registered Nurse (RN),Skilled Nursing Facility,"Clinical, Medication Dispensing",,,Other Training Reference,Competency,Job Study — Registered Nurse (RN) × Skilled Nursing Facility (FINAL),"Knowledge: Articulates the federally-enumerated resident rights at 42 CFR 483.10, including self-determination, dignity, privacy, the right to be informed, the right to refuse treatment, grievance processes, freedom from abuse and neglect, freedom from unnecessary restraints, and protection from involuntary transfer or discharge",Child,Workforce Readiness,,,Source: JobStudy_RN_SNF_FINAL.docx | Date of Review: May 2026
WR RN_SNF,US,skilled nursing facility,Registered Nurse (RN),Skilled Nursing Facility,"Clinical, Medication Dispensing",,,Other Training Reference,Competency,Job Study — Registered Nurse (RN) × Skilled Nursing Facility (FINAL),"Knowledge: Distinguishes physical restraints (devices limiting freedom of movement) from chemical restraints (psychotropic medications administered for behavioral management rather than clinical indication) under 42 CFR 483.10(e) and 42 CFR 483.12 (F-Tags 604 and 605), and applies the least-restrictive standard along with documented clinical justification requirements before initiating either type",Child,Workforce Readiness,,,Source: JobStudy_RN_SNF_FINAL.docx | Date of Review: May 2026
WR RN_SNF,US,skilled nursing facility,Registered Nurse (RN),Skilled Nursing Facility,"Clinical, Medication Dispensing",,,Other Training Reference,Competency,Job Study — Registered Nurse (RN) × Skilled Nursing Facility (FINAL),"Knowledge: Describes the federal requirements for person-centered care planning at 42 CFR 483.21, including the baseline care plan within 48 hours of admission, the comprehensive care plan within 7 days after the comprehensive assessment, and meaningful resident and representative participation in plan development",Child,Workforce Readiness,,,Source: JobStudy_RN_SNF_FINAL.docx | Date of Review: May 2026
WR RN_SNF,US,skilled nursing facility,Registered Nurse (RN),Skilled Nursing Facility,"Clinical, Medication Dispensing",,,Other Training Reference,Competency,Job Study — Registered Nurse (RN) × Skilled Nursing Facility (FINAL),"Skill: Operationalizes resident preferences and goals of care into RN-led assessment, medication, treatment, and ADL care delivery without compromising clinical safety, federal compliance, or the standards of professional practice",Child,Workforce Readiness,,,Source: JobStudy_RN_SNF_FINAL.docx | Date of Review: May 2026
WR RN_SNF,US,skilled nursing facility,Registered Nurse (RN),Skilled Nursing Facility,"Clinical, Medication Dispensing",,,Other Training Reference,Competency,Job Study — Registered Nurse (RN) × Skilled Nursing Facility (FINAL),"Skill: Identifies, documents, and reports suspected abuse, neglect, exploitation, and misappropriation through federally-mandated channels, including 42 CFR 483.12 reporting timelines and the Elder Justice Act reporting obligations for covered individuals in federally-funded long-term care",Child,Workforce Readiness,,,Source: JobStudy_RN_SNF_FINAL.docx | Date of Review: May 2026
WR RN_SNF,US,skilled nursing facility,Registered Nurse (RN),Skilled Nursing Facility,"Clinical, Medication Dispensing",,,Other Training Reference,Competency,Job Study — Registered Nurse (RN) × Skilled Nursing Facility (FINAL),"Ability: Balances safety obligations with resident autonomy and refusal of care, recognizing when resident choice creates clinical risk and convening an interdisciplinary, representative-inclusive care conference rather than imposing a unilateral clinical override",Child,Workforce Readiness,,,Source: JobStudy_RN_SNF_FINAL.docx | Date of Review: May 2026
WR RN_SNF,US,skilled nursing facility,Registered Nurse (RN),Skilled Nursing Facility,"Clinical, Medication Dispensing",,,Other Training Reference,Competency,Job Study — Registered Nurse (RN) × Skilled Nursing Facility (FINAL),"Domain 3: RN Scope, Nursing Process, and Clinical Leadership in the SNF",Parent,Workforce Readiness,,,Source: JobStudy_RN_SNF_FINAL.docx | Date of Review: May 2026
WR RN_SNF,US,skilled nursing facility,Registered Nurse (RN),Skilled Nursing Facility,"Clinical, Medication Dispensing",,,Other Training Reference,Competency,Job Study — Registered Nurse (RN) × Skilled Nursing Facility (FINAL),"Knowledge: Articulates the full RN nursing process - assessment, nursing diagnosis, planning, implementation, and evaluation - as it applies in the SNF, and the boundary between RN-led nursing practice and the medical-model authority of the attending physician, medical director, and consulting providers",Child,Workforce Readiness,,,Source: JobStudy_RN_SNF_FINAL.docx | Date of Review: May 2026
WR RN_SNF,US,skilled nursing facility,Registered Nurse (RN),Skilled Nursing Facility,"Clinical, Medication Dispensing",,,Other Training Reference,Competency,Job Study — Registered Nurse (RN) × Skilled Nursing Facility (FINAL),"Knowledge: Identifies the federally-defined RN-only responsibilities in SNFs, including coordination of the comprehensive resident assessment under 42 CFR 483.20(h), the DON requirement at 42 CFR 483.35(b), the IP qualification options at 42 CFR 483.80(b), and the RN-led elements of the QAPI program at 42 CFR 483.75",Child,Workforce Readiness,,,Source: JobStudy_RN_SNF_FINAL.docx | Date of Review: May 2026
WR RN_SNF,US,skilled nursing facility,Registered Nurse (RN),Skilled Nursing Facility,"Clinical, Medication Dispensing",,,Other Training Reference,Competency,Job Study — Registered Nurse (RN) × Skilled Nursing Facility (FINAL),"Skill: Performs RN-led activities within scope , such as comprehensive and focused assessment, care plan authorship, complex skilled nursing tasks, medication administration and oversight, RN supervision of LVNs and CNAs, and clinical decision-making on admission, change in condition, and transfer, in accordance with the NPA, federal RoP, and facility policy",Child,Workforce Readiness,,,Source: JobStudy_RN_SNF_FINAL.docx | Date of Review: May 2026
WR RN_SNF,US,skilled nursing facility,Registered Nurse (RN),Skilled Nursing Facility,"Clinical, Medication Dispensing",,,Other Training Reference,Competency,Job Study — Registered Nurse (RN) × Skilled Nursing Facility (FINAL),"Skill: Provides clinical leadership across the licensed and unlicensed team, modeling person-centered care, evidence-based decision-making, and survey-ready documentation discipline for LVNs, CNAs, and ancillary staff",Child,Workforce Readiness,,,Source: JobStudy_RN_SNF_FINAL.docx | Date of Review: May 2026
WR RN_SNF,US,skilled nursing facility,Registered Nurse (RN),Skilled Nursing Facility,"Clinical, Medication Dispensing",,,Other Training Reference,Competency,Job Study — Registered Nurse (RN) × Skilled Nursing Facility (FINAL),"Ability: Recognizes when admission, retention, or acuity exceeds the facility's clinical capability or staffing capacity, raises the concern through facility channels (DON, administrator, medical director), and supports the appropriate level-of-care decision in accordance with 42 CFR 483.15 transfer and discharge protections",Child,Workforce Readiness,,,Source: JobStudy_RN_SNF_FINAL.docx | Date of Review: May 2026
WR RN_SNF,US,skilled nursing facility,Registered Nurse (RN),Skilled Nursing Facility,"Clinical, Medication Dispensing",,,Other Training Reference,Competency,Job Study — Registered Nurse (RN) × Skilled Nursing Facility (FINAL),"Domain 4: MDS/RAI Coordination, CAAs, and Care Plan Integration",Parent,Workforce Readiness,,,Source: JobStudy_RN_SNF_FINAL.docx | Date of Review: May 2026
WR RN_SNF,US,skilled nursing facility,Registered Nurse (RN),Skilled Nursing Facility,"Clinical, Medication Dispensing",,,Other Training Reference,Competency,Job Study — Registered Nurse (RN) × Skilled Nursing Facility (FINAL),"Knowledge: Describes the federally-required Resident Assessment Instrument (RAI) process under 42 CFR 483.20 - including the Minimum Data Set (MDS 3.0), the Care Area Assessments (CAAs), the CAA Summary, and the integrated comprehensive care plan - and the specific assessment types (Admission, Quarterly, Annual, Significant Change in Status, Significant Correction) and their CMS-prescribed timeframes",Child,Workforce Readiness,,,Source: JobStudy_RN_SNF_FINAL.docx | Date of Review: May 2026
WR RN_SNF,US,skilled nursing facility,Registered Nurse (RN),Skilled Nursing Facility,"Clinical, Medication Dispensing",,,Other Training Reference,Competency,Job Study — Registered Nurse (RN) × Skilled Nursing Facility (FINAL),"Knowledge: Identifies the role of the MDS in driving SNF reimbursement through the Patient Driven Payment Model (PDPM) for Medicare Part A stays, in populating the CMS quality measures used by Care Compare and SNF Value Based Program, and in informing facility-level Five-Star Quality Ratings",Child,Workforce Readiness,,,Source: JobStudy_RN_SNF_FINAL.docx | Date of Review: May 2026
WR RN_SNF,US,skilled nursing facility,Registered Nurse (RN),Skilled Nursing Facility,"Clinical, Medication Dispensing",,,Other Training Reference,Competency,Job Study — Registered Nurse (RN) × Skilled Nursing Facility (FINAL),"Skill: Conducts or coordinates the comprehensive assessment as the RN signatory under 42 CFR 483.20(h), engages the appropriate interdisciplinary team contributors, ensures direct observation and communication with the resident and direct-care staff on all shifts, and validates the accuracy of MDS coding before transmission",Child,Workforce Readiness,,,Source: JobStudy_RN_SNF_FINAL.docx | Date of Review: May 2026
WR RN_SNF,US,skilled nursing facility,Registered Nurse (RN),Skilled Nursing Facility,"Clinical, Medication Dispensing",,,Other Training Reference,Competency,Job Study — Registered Nurse (RN) × Skilled Nursing Facility (FINAL),"Skill: Triggers and addresses CAAs based on MDS responses, documents the CAA decision-making rationale, and translates assessment findings into a measurable, individualized, person-centered comprehensive care plan that the interdisciplinary team can operationalize",Child,Workforce Readiness,,,Source: JobStudy_RN_SNF_FINAL.docx | Date of Review: May 2026
WR RN_SNF,US,skilled nursing facility,Registered Nurse (RN),Skilled Nursing Facility,"Clinical, Medication Dispensing",,,Other Training Reference,Competency,Job Study — Registered Nurse (RN) × Skilled Nursing Facility (FINAL),"Ability: Recognizes the civil and clinical liability associated with material misstatement on resident assessments under 42 CFR 483.20(j) and maintains MDS accuracy as a regulatory, reimbursement, and clinical integrity priority",Child,Workforce Readiness,,,Source: JobStudy_RN_SNF_FINAL.docx | Date of Review: May 2026
WR RN_SNF,US,skilled nursing facility,Registered Nurse (RN),Skilled Nursing Facility,"Clinical, Medication Dispensing",,,Other Training Reference,Competency,Job Study — Registered Nurse (RN) × Skilled Nursing Facility (FINAL),Domain 5: Delegation and Supervision of Licensed and Unlicensed Staff,Parent,Workforce Readiness,,,Source: JobStudy_RN_SNF_FINAL.docx | Date of Review: May 2026
WR RN_SNF,US,skilled nursing facility,Registered Nurse (RN),Skilled Nursing Facility,"Clinical, Medication Dispensing",,,Other Training Reference,Competency,Job Study — Registered Nurse (RN) × Skilled Nursing Facility (FINAL),"Knowledge: Applies the NCSBN Five Rights of Delegation (right task, right circumstance, right person, right direction/communication, right supervision/evaluation) as the framework for all RN delegation decisions in the SNF setting",Child,Workforce Readiness,,,Source: JobStudy_RN_SNF_FINAL.docx | Date of Review: May 2026
WR RN_SNF,US,skilled nursing facility,Registered Nurse (RN),Skilled Nursing Facility,"Clinical, Medication Dispensing",,,Other Training Reference,Competency,Job Study — Registered Nurse (RN) × Skilled Nursing Facility (FINAL),"Knowledge: Identifies the federal CNA training and competency framework under 42 CFR 483.151-156 (NATCEP), the 75-hour minimum training requirement, the state nurse aide registry, and the RN's role in CNA in-service training, performance review, and competency validation",Child,Workforce Readiness,,,Source: JobStudy_RN_SNF_FINAL.docx | Date of Review: May 2026
WR RN_SNF,US,skilled nursing facility,Registered Nurse (RN),Skilled Nursing Facility,"Clinical, Medication Dispensing",,,Other Training Reference,Competency,Job Study — Registered Nurse (RN) × Skilled Nursing Facility (FINAL),"Skill: Validates and documents the competency of LVNs and CNAs both prior to and on an ongoing basis following initial delegation, communicates task-specific parameters and reporting expectations clearly, and conducts ongoing supervision and evaluation of delegated care - recognizing that CNAs and Unlicensed Assistive Personnel (UAP) are limited to observation, reporting, and completion of specifically delegated tasks rather than independent clinical assessment or judgment",Child,Workforce Readiness,,,Source: JobStudy_RN_SNF_FINAL.docx | Date of Review: May 2026
WR RN_SNF,US,skilled nursing facility,Registered Nurse (RN),Skilled Nursing Facility,"Clinical, Medication Dispensing",,,Other Training Reference,Competency,Job Study — Registered Nurse (RN) × Skilled Nursing Facility (FINAL),"Skill: Investigates delegation failures, including medication errors, missed assessments, falls, and incident reports, identifies whether the failure is task-mismatch, training, supervision, or system in origin, and implements corrective action that satisfies both clinical and survey defensibility expectations",Child,Workforce Readiness,,,Source: JobStudy_RN_SNF_FINAL.docx | Date of Review: May 2026
WR RN_SNF,US,skilled nursing facility,Registered Nurse (RN),Skilled Nursing Facility,"Clinical, Medication Dispensing",,,Other Training Reference,Competency,Job Study — Registered Nurse (RN) × Skilled Nursing Facility (FINAL),"Ability: Recognizes when retaining a task (rather than delegating it) is the clinically and legally defensible choice given resident instability, staff capability, or facility policy, and re-assumes care without disruption to the resident or the unit",Child,Workforce Readiness,,,Source: JobStudy_RN_SNF_FINAL.docx | Date of Review: May 2026
WR RN_SNF,US,skilled nursing facility,Registered Nurse (RN),Skilled Nursing Facility,"Clinical, Medication Dispensing",,,Other Training Reference,Competency,Job Study — Registered Nurse (RN) × Skilled Nursing Facility (FINAL),"Domain 6: Medication Administration, Management, and Psychotropic Stewardship",Parent,Workforce Readiness,,,Source: JobStudy_RN_SNF_FINAL.docx | Date of Review: May 2026
WR RN_SNF,US,skilled nursing facility,Registered Nurse (RN),Skilled Nursing Facility,"Clinical, Medication Dispensing",,,Other Training Reference,Competency,Job Study — Registered Nurse (RN) × Skilled Nursing Facility (FINAL),"Knowledge: Describes the federally-required medication management framework at 42 CFR 483.45, including pharmacy services, monthly medication regimen review by a licensed pharmacist, unnecessary drug protections, psychotropic limits, and Gradual Dose Reduction (GDR) expectations for residents on antipsychotic, antidepressant, anti-anxiety, and hypnotic medications",Child,Workforce Readiness,,,Source: JobStudy_RN_SNF_FINAL.docx | Date of Review: May 2026
WR RN_SNF,US,skilled nursing facility,Registered Nurse (RN),Skilled Nursing Facility,"Clinical, Medication Dispensing",,,Other Training Reference,Competency,Job Study — Registered Nurse (RN) × Skilled Nursing Facility (FINAL),"Knowledge: Identifies high-risk medication categories common in the SNF population - anticoagulants, antipsychotics, opioids, insulin, antihypertensives, anticholinergics, benzodiazepines, and antibiotics - and the specific monitoring, documentation, and side-effect recognition required for each, including federal limits on PRN psychotropic duration",Child,Workforce Readiness,,,Source: JobStudy_RN_SNF_FINAL.docx | Date of Review: May 2026
WR RN_SNF,US,skilled nursing facility,Registered Nurse (RN),Skilled Nursing Facility,"Clinical, Medication Dispensing",,,Other Training Reference,Competency,Job Study — Registered Nurse (RN) × Skilled Nursing Facility (FINAL),"Skill: Performs medication administration and reconciliation in accordance with federal RoP, facility policy, and state NPA, including processing new physician orders, managing narcotic inventory and diversion monitoring, and ensuring medication administration record (MAR) completeness and accuracy",Child,Workforce Readiness,,,Source: JobStudy_RN_SNF_FINAL.docx | Date of Review: May 2026
WR RN_SNF,US,skilled nursing facility,Registered Nurse (RN),Skilled Nursing Facility,"Clinical, Medication Dispensing",,,Other Training Reference,Competency,Job Study — Registered Nurse (RN) × Skilled Nursing Facility (FINAL),"Skill: Operationalizes the federally-required antipsychotic reduction and psychotropic stewardship expectations, including indication review, informed consent verification, monitoring for efficacy and adverse effects, GDR attempts, and prescriber communication, and ensures documentation aligns with F-Tag 758 (psychotropic medications) and F-Tag 757 (unnecessary drugs) survey expectations",Child,Workforce Readiness,,,Source: JobStudy_RN_SNF_FINAL.docx | Date of Review: May 2026
WR RN_SNF,US,skilled nursing facility,Registered Nurse (RN),Skilled Nursing Facility,"Clinical, Medication Dispensing",,,Other Training Reference,Competency,Job Study — Registered Nurse (RN) × Skilled Nursing Facility (FINAL),"Ability: Identifies adverse drug events, polypharmacy risks, off-label antipsychotic use, and medication-related contributors to falls or functional decline, and escalates through the appropriate channel (pharmacist consultant, attending provider, medical director, DON)",Child,Workforce Readiness,,,Source: JobStudy_RN_SNF_FINAL.docx | Date of Review: May 2026
WR RN_SNF,US,skilled nursing facility,Registered Nurse (RN),Skilled Nursing Facility,"Clinical, Medication Dispensing",,,Other Training Reference,Competency,Job Study — Registered Nurse (RN) × Skilled Nursing Facility (FINAL),Domain 7: Dementia Care and Behavioral Symptom Management,Parent,Workforce Readiness,,,Source: JobStudy_RN_SNF_FINAL.docx | Date of Review: May 2026
WR RN_SNF,US,skilled nursing facility,Registered Nurse (RN),Skilled Nursing Facility,"Clinical, Medication Dispensing",,,Other Training Reference,Competency,Job Study — Registered Nurse (RN) × Skilled Nursing Facility (FINAL),"Knowledge: Describes the stages and behavioral manifestations of Alzheimer's disease and related dementias (ADRD), and differentiates baseline dementia behavior from acute changes that may signal delirium, infection, pain, medication adverse effect, or other medical decompensation",Child,Workforce Readiness,,,Source: JobStudy_RN_SNF_FINAL.docx | Date of Review: May 2026
WR RN_SNF,US,skilled nursing facility,Registered Nurse (RN),Skilled Nursing Facility,"Clinical, Medication Dispensing",,,Other Training Reference,Competency,Job Study — Registered Nurse (RN) × Skilled Nursing Facility (FINAL),Knowledge: Identifies evidence-based triggers and contributors to BPSD and the federal expectation (reinforced in CMS Hand-in-Hand training and Appendix PP F-Tag guidance) that non-pharmacologic interventions are the first-line response,Child,Workforce Readiness,,,Source: JobStudy_RN_SNF_FINAL.docx | Date of Review: May 2026
WR RN_SNF,US,skilled nursing facility,Registered Nurse (RN),Skilled Nursing Facility,"Clinical, Medication Dispensing",,,Other Training Reference,Competency,Job Study — Registered Nurse (RN) × Skilled Nursing Facility (FINAL),"Skill: Designs and oversees individualized non-pharmacologic behavioral care plans, validates staff use of person-centered communication and de-escalation techniques, and integrates dementia-specific environmental modifications and routines into the comprehensive care plan",Child,Workforce Readiness,,,Source: JobStudy_RN_SNF_FINAL.docx | Date of Review: May 2026
WR RN_SNF,US,skilled nursing facility,Registered Nurse (RN),Skilled Nursing Facility,"Clinical, Medication Dispensing",,,Other Training Reference,Competency,Job Study — Registered Nurse (RN) × Skilled Nursing Facility (FINAL),"Skill: Monitors residents on antipsychotic and psychotropic medications for appropriate indication, informed consent, efficacy, and adverse effects, leads prescriber communication for GDR or discontinuation when clinically appropriate, and ensures documentation supports F-Tag survey defensibility",Child,Workforce Readiness,,,Source: JobStudy_RN_SNF_FINAL.docx | Date of Review: May 2026
WR RN_SNF,US,skilled nursing facility,Registered Nurse (RN),Skilled Nursing Facility,"Clinical, Medication Dispensing",,,Other Training Reference,Competency,Job Study — Registered Nurse (RN) × Skilled Nursing Facility (FINAL),"Ability: Recognizes when behavioral escalation exceeds the unit's care capacity or staff capability, and initiates the appropriate clinical response - up to and including provider consultation, behavioral health referral, psychiatric admission, or transfer to a higher level of care - in accordance with the resident's plan and rights",Child,Workforce Readiness,,,Source: JobStudy_RN_SNF_FINAL.docx | Date of Review: May 2026
WR RN_SNF,US,skilled nursing facility,Registered Nurse (RN),Skilled Nursing Facility,"Clinical, Medication Dispensing",,,Other Training Reference,Competency,Job Study — Registered Nurse (RN) × Skilled Nursing Facility (FINAL),"Domain 8: Change in Condition Recognition, Triage, and Hospital Transfer",Parent,Workforce Readiness,,,Source: JobStudy_RN_SNF_FINAL.docx | Date of Review: May 2026
WR RN_SNF,US,skilled nursing facility,Registered Nurse (RN),Skilled Nursing Facility,"Clinical, Medication Dispensing",,,Other Training Reference,Competency,Job Study — Registered Nurse (RN) × Skilled Nursing Facility (FINAL),"Knowledge: Identifies signs of acute change in condition that require urgent RN evaluation in the SNF, such as altered mental status, respiratory distress, suspected cardiovascular or neurologic event, sepsis indicators, uncontrolled pain, falls with injury, acute functional decline, and post-acute Medicare-stay clinical deterioration",Child,Workforce Readiness,,,Source: JobStudy_RN_SNF_FINAL.docx | Date of Review: May 2026
WR RN_SNF,US,skilled nursing facility,Registered Nurse (RN),Skilled Nursing Facility,"Clinical, Medication Dispensing",,,Other Training Reference,Competency,Job Study — Registered Nurse (RN) × Skilled Nursing Facility (FINAL),"Knowledge: Describes structured assessment and communication frameworks used in the SNF setting, including SBAR, the INTERACT toolkit (Stop and Watch, Change in Condition, Care Paths, Acute Care Transfer documentation), and the federally-required transfer and discharge documentation expectations under 42 CFR 483.15",Child,Workforce Readiness,,,Source: JobStudy_RN_SNF_FINAL.docx | Date of Review: May 2026
WR RN_SNF,US,skilled nursing facility,Registered Nurse (RN),Skilled Nursing Facility,"Clinical, Medication Dispensing",,,Other Training Reference,Competency,Job Study — Registered Nurse (RN) × Skilled Nursing Facility (FINAL),"Skill: Performs RN-led focused assessment, synthesizes LVN and CNA observations, communicates a complete clinical picture to the attending physician, medical director, or on-call provider, and coordinates handoff to emergency services or the receiving facility when transfer is indicated",Child,Workforce Readiness,,,Source: JobStudy_RN_SNF_FINAL.docx | Date of Review: May 2026
WR RN_SNF,US,skilled nursing facility,Registered Nurse (RN),Skilled Nursing Facility,"Clinical, Medication Dispensing",,,Other Training Reference,Competency,Job Study — Registered Nurse (RN) × Skilled Nursing Facility (FINAL),"Skill: Documents change-in-condition events, assessments, interventions, communications, and disposition decisions accurately and in real time to support continuity of care, regulatory defensibility under F-Tag 580 (notification of changes) and F-Tag 622 (transfer and discharge requirements), and post-event review",Child,Workforce Readiness,,,Source: JobStudy_RN_SNF_FINAL.docx | Date of Review: May 2026
WR RN_SNF,US,skilled nursing facility,Registered Nurse (RN),Skilled Nursing Facility,"Clinical, Medication Dispensing",,,Other Training Reference,Competency,Job Study — Registered Nurse (RN) × Skilled Nursing Facility (FINAL),"Ability: Discriminates between conditions manageable in the SNF and those requiring hospital transfer, advocates for the resident's goals of care during transfer decisions, and supports appropriate hospitalization avoidance through INTERACT or comparable evidence-based pathways where consistent with resident wishes and clinical safety",Child,Workforce Readiness,,,Source: JobStudy_RN_SNF_FINAL.docx | Date of Review: May 2026
WR RN_SNF,US,skilled nursing facility,Registered Nurse (RN),Skilled Nursing Facility,"Clinical, Medication Dispensing",,,Other Training Reference,Competency,Job Study — Registered Nurse (RN) × Skilled Nursing Facility (FINAL),"Domain 9: Skin Integrity, Falls, Restraints, and Population Surveillance",Parent,Workforce Readiness,,,Source: JobStudy_RN_SNF_FINAL.docx | Date of Review: May 2026
WR RN_SNF,US,skilled nursing facility,Registered Nurse (RN),Skilled Nursing Facility,"Clinical, Medication Dispensing",,,Other Training Reference,Competency,Job Study — Registered Nurse (RN) × Skilled Nursing Facility (FINAL),"Knowledge: Identifies the federally-flagged quality and safety domains tied to RN-led surveillance in the SNF, including pressure ulcer/injury prevention (F-Tag 686), fall prevention, the freedom from physical and chemical restraints requirement at 42 CFR 483.10(e) and 42 CFR 483.12 (F-Tag 604/605), accidents (F-Tag 689), and nutrition and hydration (F-Tag 692 and 693)",Child,Workforce Readiness,,,Source: JobStudy_RN_SNF_FINAL.docx | Date of Review: May 2026
WR RN_SNF,US,skilled nursing facility,Registered Nurse (RN),Skilled Nursing Facility,"Clinical, Medication Dispensing",,,Other Training Reference,Competency,Job Study — Registered Nurse (RN) × Skilled Nursing Facility (FINAL),"Knowledge: Describes evidence-based risk assessment frameworks commonly used in the SNF (Braden Scale, Morse Fall Scale, and comparable tools), the RN's role in interpreting and acting on the findings, and the federally-required care plan integration of risk-based interventions",Child,Workforce Readiness,,,Source: JobStudy_RN_SNF_FINAL.docx | Date of Review: May 2026
WR RN_SNF,US,skilled nursing facility,Registered Nurse (RN),Skilled Nursing Facility,"Clinical, Medication Dispensing",,,Other Training Reference,Competency,Job Study — Registered Nurse (RN) × Skilled Nursing Facility (FINAL),"Skill: Leads RN-level fall, skin, and incident review, including post-fall and post-injury investigation, root-cause analysis, care plan revision, and event reporting, and ensures alignment with QAPI performance improvement priorities",Child,Workforce Readiness,,,Source: JobStudy_RN_SNF_FINAL.docx | Date of Review: May 2026
WR RN_SNF,US,skilled nursing facility,Registered Nurse (RN),Skilled Nursing Facility,"Clinical, Medication Dispensing",,,Other Training Reference,Competency,Job Study — Registered Nurse (RN) × Skilled Nursing Facility (FINAL),"Skill: Implements and oversees pressure injury prevention, fall prevention, and restraint-reduction interventions consistent with the resident's care plan and federal restraint-free expectations, including least-restrictive approaches and documented clinical justification when restraints are clinically indicated",Child,Workforce Readiness,,,Source: JobStudy_RN_SNF_FINAL.docx | Date of Review: May 2026
WR RN_SNF,US,skilled nursing facility,Registered Nurse (RN),Skilled Nursing Facility,"Clinical, Medication Dispensing",,,Other Training Reference,Competency,Job Study — Registered Nurse (RN) × Skilled Nursing Facility (FINAL),"Ability: Integrates surveillance findings across the resident population to identify trends, such as clustered falls, pressure injury patterns, near-miss medication events, or rising restraint use, and translates the findings into facility-level interventions through the QAPI process and the facility assessment under 42 CFR 483.71",Child,Workforce Readiness,,,Source: JobStudy_RN_SNF_FINAL.docx | Date of Review: May 2026
WR RN_SNF,US,skilled nursing facility,Registered Nurse (RN),Skilled Nursing Facility,"Clinical, Medication Dispensing",,,Other Training Reference,Competency,Job Study — Registered Nurse (RN) × Skilled Nursing Facility (FINAL),Domain 10: Infection Prevention and Control,Parent,Workforce Readiness,,,Source: JobStudy_RN_SNF_FINAL.docx | Date of Review: May 2026
WR RN_SNF,US,skilled nursing facility,Registered Nurse (RN),Skilled Nursing Facility,"Clinical, Medication Dispensing",,,Other Training Reference,Competency,Job Study — Registered Nurse (RN) × Skilled Nursing Facility (FINAL),"Knowledge: Describes the federally-required Infection Prevention and Control Program (IPCP) at 42 CFR 483.80 (F-Tag 880), including surveillance, reporting, transmission-based precautions, antibiotic stewardship, immunizations, and the vaccination policies required of SNFs",Child,Workforce Readiness,,,Source: JobStudy_RN_SNF_FINAL.docx | Date of Review: May 2026
WR RN_SNF,US,skilled nursing facility,Registered Nurse (RN),Skilled Nursing Facility,"Clinical, Medication Dispensing",,,Other Training Reference,Competency,Job Study — Registered Nurse (RN) × Skilled Nursing Facility (FINAL),"Knowledge: Identifies the federal Infection Preventionist (IP) requirements at 42 CFR 483.80(b) (F-Tag 882) - including the qualifying professional backgrounds (nursing, medical technology, microbiology, epidemiology), the specialized training requirement, the part-time presence expectation, and required QAPI committee participation",Child,Workforce Readiness,,,Source: JobStudy_RN_SNF_FINAL.docx | Date of Review: May 2026
WR RN_SNF,US,skilled nursing facility,Registered Nurse (RN),Skilled Nursing Facility,"Clinical, Medication Dispensing",,,Other Training Reference,Competency,Job Study — Registered Nurse (RN) × Skilled Nursing Facility (FINAL),"Skill: Operationalizes the IPCP at the RN or IP level, including surveillance for healthcare-associated infections and outbreaks, coordination with the state and local public health authority, line-list and case-definition application, transmission-based precaution implementation, and reporting through CDC's National Healthcare Safety Network Long-Term Care Facility component",Child,Workforce Readiness,,,Source: JobStudy_RN_SNF_FINAL.docx | Date of Review: May 2026
WR RN_SNF,US,skilled nursing facility,Registered Nurse (RN),Skilled Nursing Facility,"Clinical, Medication Dispensing",,,Other Training Reference,Competency,Job Study — Registered Nurse (RN) × Skilled Nursing Facility (FINAL),"Skill: Leads or supports antibiotic stewardship in the SNF setting, including indication review, culture-driven prescribing, narrowing of empiric therapy, monitoring for Clostridioides difficile and multidrug-resistant organism emergence, and coordination with the pharmacist and prescribing providers",Child,Workforce Readiness,,,Source: JobStudy_RN_SNF_FINAL.docx | Date of Review: May 2026
WR RN_SNF,US,skilled nursing facility,Registered Nurse (RN),Skilled Nursing Facility,"Clinical, Medication Dispensing",,,Other Training Reference,Competency,Job Study — Registered Nurse (RN) × Skilled Nursing Facility (FINAL),"Ability: Recognizes outbreak conditions or emerging public health threats in the SNF context, where the congregate setting, medically vulnerable population, and frequent exposures from hospital discharges and community contacts create heightened risk for rapid spread with significant operational, staffing, and regulatory impact, and initiates the appropriate facility response, including escalation to the IP, DON, medical director, administrator, and external public health agencies, while preserving resident rights, dignity, and access to family contact",Child,Workforce Readiness,,,Source: JobStudy_RN_SNF_FINAL.docx | Date of Review: May 2026
WR RN_SNF,US,skilled nursing facility,Registered Nurse (RN),Skilled Nursing Facility,"Clinical, Medication Dispensing",,,Other Training Reference,Competency,Job Study — Registered Nurse (RN) × Skilled Nursing Facility (FINAL),"Domain 11: QAPI, Survey Readiness, and Regulatory Defensibility",Parent,Workforce Readiness,,,Source: JobStudy_RN_SNF_FINAL.docx | Date of Review: May 2026
WR RN_SNF,US,skilled nursing facility,Registered Nurse (RN),Skilled Nursing Facility,"Clinical, Medication Dispensing",,,Other Training Reference,Competency,Job Study — Registered Nurse (RN) × Skilled Nursing Facility (FINAL),"Knowledge: Describes the federally-required QAPI program under 42 CFR 483.75 (F-Tag 865-868), including the QAPI elements, the committee structure and required membership, performance improvement project methodology, and the facility's obligation to maintain QAPI documentation available to surveyors on request",Child,Workforce Readiness,,,Source: JobStudy_RN_SNF_FINAL.docx | Date of Review: May 2026
WR RN_SNF,US,skilled nursing facility,Registered Nurse (RN),Skilled Nursing Facility,"Clinical, Medication Dispensing",,,Other Training Reference,Competency,Job Study — Registered Nurse (RN) × Skilled Nursing Facility (FINAL),"Knowledge: Identifies the SNF survey ecosystem (annual standard surveys, complaint surveys, focused infection control surveys, the Long-Term Care Survey Process and Critical Element Pathways, the Five-Star Quality Rating system and its three domains, Payroll-Based Journal staffing reporting, and the SNF Value-Based Purchasing Program and the RN's documentation contribution to each",Child,Workforce Readiness,,,Source: JobStudy_RN_SNF_FINAL.docx | Date of Review: May 2026
WR RN_SNF,US,skilled nursing facility,Registered Nurse (RN),Skilled Nursing Facility,"Clinical, Medication Dispensing",,,Other Training Reference,Competency,Job Study — Registered Nurse (RN) × Skilled Nursing Facility (FINAL),"Skill: Designs, validates, and documents staff competency for LVNs, CNAs, and ancillary nursing staff, including initial competency verification, annual reassessment, and corrective competency follow-up after errors, incidents, or survey findings",Child,Workforce Readiness,,,Source: JobStudy_RN_SNF_FINAL.docx | Date of Review: May 2026
WR RN_SNF,US,skilled nursing facility,Registered Nurse (RN),Skilled Nursing Facility,"Clinical, Medication Dispensing",,,Other Training Reference,Competency,Job Study — Registered Nurse (RN) × Skilled Nursing Facility (FINAL),"Skill: Produces objective, timely, and legally defensible RN documentation that demonstrates the full nursing process, supports F-Tag survey defensibility under Appendix PP interpretive guidance, and preserves continuity of care across shifts and transitions",Child,Workforce Readiness,,,Source: JobStudy_RN_SNF_FINAL.docx | Date of Review: May 2026
WR RN_SNF,US,skilled nursing facility,Registered Nurse (RN),Skilled Nursing Facility,"Clinical, Medication Dispensing",,,Other Training Reference,Competency,Job Study — Registered Nurse (RN) × Skilled Nursing Facility (FINAL),"Ability: Recognizes systemic gaps in care quality, documentation, or regulatory posture, leads the corrective response through QAPI performance improvement projects, policy revision, and staff retraining, and supports the facility through plan-of-correction development and resurvey when deficiencies are cited",Child,Workforce Readiness,,,Source: JobStudy_RN_SNF_FINAL.docx | Date of Review: May 2026
WR RN_SNF,US,skilled nursing facility,Registered Nurse (RN),Skilled Nursing Facility,"Clinical, Medication Dispensing",,,Other Training Reference,Competency,Job Study — Registered Nurse (RN) × Skilled Nursing Facility (FINAL),Domain 12: End-of-Life and Comfort Care Coordination,Parent,Workforce Readiness,,,Source: JobStudy_RN_SNF_FINAL.docx | Date of Review: May 2026
WR RN_SNF,US,skilled nursing facility,Registered Nurse (RN),Skilled Nursing Facility,"Clinical, Medication Dispensing",,,Other Training Reference,Competency,Job Study — Registered Nurse (RN) × Skilled Nursing Facility (FINAL),"Knowledge: Describes the RN's role in supporting residents receiving hospice or palliative care in the SNF, including coordination with the Medicare-certified hospice agency under 42 CFR 483.70(o), the bifurcated clinical authority between the hospice and the SNF, and the documentation requirements that demonstrate compliant collaboration",Child,Workforce Readiness,,,Source: JobStudy_RN_SNF_FINAL.docx | Date of Review: May 2026
WR RN_SNF,US,skilled nursing facility,Registered Nurse (RN),Skilled Nursing Facility,"Clinical, Medication Dispensing",,,Other Training Reference,Competency,Job Study — Registered Nurse (RN) × Skilled Nursing Facility (FINAL),"Knowledge: Identifies physical signs of active dying and understands how goals of care shift clinical decision-making toward comfort, including documentation and verification of advance directives, code status orders, and resident-specific symptom management plans consistent with 42 CFR 483.10(c)(6) and (g)(12)",Child,Workforce Readiness,,,Source: JobStudy_RN_SNF_FINAL.docx | Date of Review: May 2026
WR RN_SNF,US,skilled nursing facility,Registered Nurse (RN),Skilled Nursing Facility,"Clinical, Medication Dispensing",,,Other Training Reference,Competency,Job Study — Registered Nurse (RN) × Skilled Nursing Facility (FINAL),"Skill: Leads comfort-focused nursing care (e.g., pain and symptom assessment, positioning, oral care, bowel and bladder management, psychosocial support) and directs LVNs and CNAs consistently within the resident's care plan and the hospice agency's plan of care",Child,Workforce Readiness,,,Source: JobStudy_RN_SNF_FINAL.docx | Date of Review: May 2026
WR RN_SNF,US,skilled nursing facility,Registered Nurse (RN),Skilled Nursing Facility,"Clinical, Medication Dispensing",,,Other Training Reference,Competency,Job Study — Registered Nurse (RN) × Skilled Nursing Facility (FINAL),"Skill: Communicates with empathy and appropriate clinical framing with family members during the dying process and after death, including post-mortem care, notification workflows, vital records and disposition coordination, and bereavement support referral",Child,Workforce Readiness,,,Source: JobStudy_RN_SNF_FINAL.docx | Date of Review: May 2026
WR RN_SNF,US,skilled nursing facility,Registered Nurse (RN),Skilled Nursing Facility,"Clinical, Medication Dispensing",,,Other Training Reference,Competency,Job Study — Registered Nurse (RN) × Skilled Nursing Facility (FINAL),"Ability: Manages own emotional responses to resident death, supports peer staff through grief, models healthy coping for LVNs and CNAs, and accesses or develops facility and community grief-support resources as part of staff retention and wellbeing",Child,Workforce Readiness,,,Source: JobStudy_RN_SNF_FINAL.docx | Date of Review: May 2026
WR CNA_ALF,US,residential care facility for the elderly,Certified Nursing Assistant (CNA),Assisted Living Facility,"Clinical, Non-Medication Dispensing",,,Other Training Reference,Competency,Job Study — Certified Nursing Assistant (CNA) × Assisted Living Facility (FINAL),Domain 1: Regulatory & Care Setting Orientation,Parent,Workforce Readiness,,,Source: JobStudy_CNA_ALF_FINAL.docx | Date of Review: May 2026
WR CNA_ALF,US,residential care facility for the elderly,Certified Nursing Assistant (CNA),Assisted Living Facility,"Clinical, Non-Medication Dispensing",,,Other Training Reference,Competency,Job Study — Certified Nursing Assistant (CNA) × Assisted Living Facility (FINAL),Knowledge: Understands the distinction between ALF state regulatory frameworks and federal CMS Conditions of Participation (SNF-focused),Child,Workforce Readiness,,,Source: JobStudy_CNA_ALF_FINAL.docx | Date of Review: May 2026
WR CNA_ALF,US,residential care facility for the elderly,Certified Nursing Assistant (CNA),Assisted Living Facility,"Clinical, Non-Medication Dispensing",,,Other Training Reference,Competency,Job Study — Certified Nursing Assistant (CNA) × Assisted Living Facility (FINAL),"Knowledge: Identifies applicable state ALF regulations governing CNA scope of practice, including medication assistance rules",Child,Workforce Readiness,,,Source: JobStudy_CNA_ALF_FINAL.docx | Date of Review: May 2026
WR CNA_ALF,US,residential care facility for the elderly,Certified Nursing Assistant (CNA),Assisted Living Facility,"Clinical, Non-Medication Dispensing",,,Other Training Reference,Competency,Job Study — Certified Nursing Assistant (CNA) × Assisted Living Facility (FINAL),"Knowledge: Describes how ALF licensure categories (e.g., residential care, memory care, enhanced care) affect permissible CNA activities",Child,Workforce Readiness,,,Source: JobStudy_CNA_ALF_FINAL.docx | Date of Review: May 2026
WR CNA_ALF,US,residential care facility for the elderly,Certified Nursing Assistant (CNA),Assisted Living Facility,"Clinical, Non-Medication Dispensing",,,Other Training Reference,Competency,Job Study — Certified Nursing Assistant (CNA) × Assisted Living Facility (FINAL),Skill: Applies facility-specific policies and procedures that comply with state ALF regulations,Child,Workforce Readiness,,,Source: JobStudy_CNA_ALF_FINAL.docx | Date of Review: May 2026
WR CNA_ALF,US,residential care facility for the elderly,Certified Nursing Assistant (CNA),Assisted Living Facility,"Clinical, Non-Medication Dispensing",,,Other Training Reference,Competency,Job Study — Certified Nursing Assistant (CNA) × Assisted Living Facility (FINAL),Ability: Differentiates between tasks within vs. outside CNA scope in the ALF setting and escalates appropriately,Child,Workforce Readiness,,,Source: JobStudy_CNA_ALF_FINAL.docx | Date of Review: May 2026
WR CNA_ALF,US,residential care facility for the elderly,Certified Nursing Assistant (CNA),Assisted Living Facility,"Clinical, Non-Medication Dispensing",,,Other Training Reference,Competency,Job Study — Certified Nursing Assistant (CNA) × Assisted Living Facility (FINAL),Domain 2: Resident Rights and Autonomy,Parent,Workforce Readiness,,,Source: JobStudy_CNA_ALF_FINAL.docx | Date of Review: May 2026
WR CNA_ALF,US,residential care facility for the elderly,Certified Nursing Assistant (CNA),Assisted Living Facility,"Clinical, Non-Medication Dispensing",,,Other Training Reference,Competency,Job Study — Certified Nursing Assistant (CNA) × Assisted Living Facility (FINAL),"Knowledge: Articulates resident rights specific to the ALF model, including rights to self-determination, refusal of care, privacy, and dignity",Child,Workforce Readiness,,,Source: JobStudy_CNA_ALF_FINAL.docx | Date of Review: May 2026
WR CNA_ALF,US,residential care facility for the elderly,Certified Nursing Assistant (CNA),Assisted Living Facility,"Clinical, Non-Medication Dispensing",,,Other Training Reference,Competency,Job Study — Certified Nursing Assistant (CNA) × Assisted Living Facility (FINAL),"Knowledge: Understands consent frameworks in ALF settings, including capacity assessment limitations for CNAs and reporting obligations",Child,Workforce Readiness,,,Source: JobStudy_CNA_ALF_FINAL.docx | Date of Review: May 2026
WR CNA_ALF,US,residential care facility for the elderly,Certified Nursing Assistant (CNA),Assisted Living Facility,"Clinical, Non-Medication Dispensing",,,Other Training Reference,Competency,Job Study — Certified Nursing Assistant (CNA) × Assisted Living Facility (FINAL),"Skill: Incorporates resident preferences into ADL assistance routines (timing, approach, communication style)",Child,Workforce Readiness,,,Source: JobStudy_CNA_ALF_FINAL.docx | Date of Review: May 2026
WR CNA_ALF,US,residential care facility for the elderly,Certified Nursing Assistant (CNA),Assisted Living Facility,"Clinical, Non-Medication Dispensing",,,Other Training Reference,Competency,Job Study — Certified Nursing Assistant (CNA) × Assisted Living Facility (FINAL),Skill: Documents and communicates resident rights concerns or potential violations through appropriate channels,Child,Workforce Readiness,,,Source: JobStudy_CNA_ALF_FINAL.docx | Date of Review: May 2026
WR CNA_ALF,US,residential care facility for the elderly,Certified Nursing Assistant (CNA),Assisted Living Facility,"Clinical, Non-Medication Dispensing",,,Other Training Reference,Competency,Job Study — Certified Nursing Assistant (CNA) × Assisted Living Facility (FINAL),Ability: Balances safety obligations with resident autonomy - recognizes when resident choice creates risk and when to involve care team,Child,Workforce Readiness,,,Source: JobStudy_CNA_ALF_FINAL.docx | Date of Review: May 2026
WR CNA_ALF,US,residential care facility for the elderly,Certified Nursing Assistant (CNA),Assisted Living Facility,"Clinical, Non-Medication Dispensing",,,Other Training Reference,Competency,Job Study — Certified Nursing Assistant (CNA) × Assisted Living Facility (FINAL),Domain 3: Dementia and Memory Care,Parent,Workforce Readiness,,,Source: JobStudy_CNA_ALF_FINAL.docx | Date of Review: May 2026
WR CNA_ALF,US,residential care facility for the elderly,Certified Nursing Assistant (CNA),Assisted Living Facility,"Clinical, Non-Medication Dispensing",,,Other Training Reference,Competency,Job Study — Certified Nursing Assistant (CNA) × Assisted Living Facility (FINAL),Knowledge: Describes the stages and behavioral manifestations of Alzheimer's disease and related dementias (ADRD) as they present in ALF residents,Child,Workforce Readiness,,,Source: JobStudy_CNA_ALF_FINAL.docx | Date of Review: May 2026
WR CNA_ALF,US,residential care facility for the elderly,Certified Nursing Assistant (CNA),Assisted Living Facility,"Clinical, Non-Medication Dispensing",,,Other Training Reference,Competency,Job Study — Certified Nursing Assistant (CNA) × Assisted Living Facility (FINAL),Knowledge: Identifies triggers for behavioral and psychological symptoms of dementia (BPSD) common in the ALF setting,Child,Workforce Readiness,,,Source: JobStudy_CNA_ALF_FINAL.docx | Date of Review: May 2026
WR CNA_ALF,US,residential care facility for the elderly,Certified Nursing Assistant (CNA),Assisted Living Facility,"Clinical, Non-Medication Dispensing",,,Other Training Reference,Competency,Job Study — Certified Nursing Assistant (CNA) × Assisted Living Facility (FINAL),Skill: Applies person-centered communication strategies,Child,Workforce Readiness,,,Source: JobStudy_CNA_ALF_FINAL.docx | Date of Review: May 2026
WR CNA_ALF,US,residential care facility for the elderly,Certified Nursing Assistant (CNA),Assisted Living Facility,"Clinical, Non-Medication Dispensing",,,Other Training Reference,Competency,Job Study — Certified Nursing Assistant (CNA) × Assisted Living Facility (FINAL),Skill: Implements non-pharmacological behavioral interventions as a first-line response to behavioral escalation,Child,Workforce Readiness,,,Source: JobStudy_CNA_ALF_FINAL.docx | Date of Review: May 2026
WR CNA_ALF,US,residential care facility for the elderly,Certified Nursing Assistant (CNA),Assisted Living Facility,"Clinical, Non-Medication Dispensing",,,Other Training Reference,Competency,Job Study — Certified Nursing Assistant (CNA) × Assisted Living Facility (FINAL),Ability: Recognizes acute behavioral changes that may signal a medical emergency (delirium vs. dementia baseline) and initiates escalation,Child,Workforce Readiness,,,Source: JobStudy_CNA_ALF_FINAL.docx | Date of Review: May 2026
WR CNA_ALF,US,residential care facility for the elderly,Certified Nursing Assistant (CNA),Assisted Living Facility,"Clinical, Non-Medication Dispensing",,,Other Training Reference,Competency,Job Study — Certified Nursing Assistant (CNA) × Assisted Living Facility (FINAL),Domain 4: Medication Assistance (within CNA Scope),Parent,Workforce Readiness,,,Source: JobStudy_CNA_ALF_FINAL.docx | Date of Review: May 2026
WR CNA_ALF,US,residential care facility for the elderly,Certified Nursing Assistant (CNA),Assisted Living Facility,"Clinical, Non-Medication Dispensing",,,Other Training Reference,Competency,Job Study — Certified Nursing Assistant (CNA) × Assisted Living Facility (FINAL),"Knowledge: Describes the distinction between medication administration (licensed nurse) and medication assistance (CNA/med aide); recognizes that applicable rules vary significantly by state nursing practice act and ALF regulations, and that some states permit expanded medication aide or delegated-caregiver roles under licensed nurse oversight",Child,Workforce Readiness,,,Source: JobStudy_CNA_ALF_FINAL.docx | Date of Review: May 2026
WR CNA_ALF,US,residential care facility for the elderly,Certified Nursing Assistant (CNA),Assisted Living Facility,"Clinical, Non-Medication Dispensing",,,Other Training Reference,Competency,Job Study — Certified Nursing Assistant (CNA) × Assisted Living Facility (FINAL),"Knowledge: Identifies what constitutes permissible medication assistance in the ALF setting (e.g., reminding, opening packaging, observing self-administration) vs. prohibited actions",Child,Workforce Readiness,,,Source: JobStudy_CNA_ALF_FINAL.docx | Date of Review: May 2026
WR CNA_ALF,US,residential care facility for the elderly,Certified Nursing Assistant (CNA),Assisted Living Facility,"Clinical, Non-Medication Dispensing",,,Other Training Reference,Competency,Job Study — Certified Nursing Assistant (CNA) × Assisted Living Facility (FINAL),Skill: Follows facility protocols for documenting medication assistance and reporting refusals or concerns,Child,Workforce Readiness,,,Source: JobStudy_CNA_ALF_FINAL.docx | Date of Review: May 2026
WR CNA_ALF,US,residential care facility for the elderly,Certified Nursing Assistant (CNA),Assisted Living Facility,"Clinical, Non-Medication Dispensing",,,Other Training Reference,Competency,Job Study — Certified Nursing Assistant (CNA) × Assisted Living Facility (FINAL),Ability: Identifies signs of adverse medication effects or medication errors and escalates per facility protocol,Child,Workforce Readiness,,,Source: JobStudy_CNA_ALF_FINAL.docx | Date of Review: May 2026
WR CNA_ALF,US,residential care facility for the elderly,Certified Nursing Assistant (CNA),Assisted Living Facility,"Clinical, Non-Medication Dispensing",,,Other Training Reference,Competency,Job Study — Certified Nursing Assistant (CNA) × Assisted Living Facility (FINAL),Domain 5: Falls Prevention in the ALF Context,Parent,Workforce Readiness,,,Source: JobStudy_CNA_ALF_FINAL.docx | Date of Review: May 2026
WR CNA_ALF,US,residential care facility for the elderly,Certified Nursing Assistant (CNA),Assisted Living Facility,"Clinical, Non-Medication Dispensing",,,Other Training Reference,Competency,Job Study — Certified Nursing Assistant (CNA) × Assisted Living Facility (FINAL),"Knowledge: Identifies ALF-specific fall risk factors including environmental layout differences from SNF (less controlled environment, greater resident mobility), staffing structure differences (limited onsite nursing oversight in many ALFs, especially evenings and overnight), and delayed recognition of subtle condition changes that may elevate fall risk",Child,Workforce Readiness,,,Source: JobStudy_CNA_ALF_FINAL.docx | Date of Review: May 2026
WR CNA_ALF,US,residential care facility for the elderly,Certified Nursing Assistant (CNA),Assisted Living Facility,"Clinical, Non-Medication Dispensing",,,Other Training Reference,Competency,Job Study — Certified Nursing Assistant (CNA) × Assisted Living Facility (FINAL),Knowledge: Describes the basics of fall prevention protocol and CNA's role within it,Child,Workforce Readiness,,,Source: JobStudy_CNA_ALF_FINAL.docx | Date of Review: May 2026
WR CNA_ALF,US,residential care facility for the elderly,Certified Nursing Assistant (CNA),Assisted Living Facility,"Clinical, Non-Medication Dispensing",,,Other Training Reference,Competency,Job Study — Certified Nursing Assistant (CNA) × Assisted Living Facility (FINAL),"Skill: Performs and documents falls risk screening observations (gait, footwear, environmental hazards, behavior)",Child,Workforce Readiness,,,Source: JobStudy_CNA_ALF_FINAL.docx | Date of Review: May 2026
WR CNA_ALF,US,residential care facility for the elderly,Certified Nursing Assistant (CNA),Assisted Living Facility,"Clinical, Non-Medication Dispensing",,,Other Training Reference,Competency,Job Study — Certified Nursing Assistant (CNA) × Assisted Living Facility (FINAL),Skill: Implements individualized fall prevention strategies consistent with the resident's care plan,Child,Workforce Readiness,,,Source: JobStudy_CNA_ALF_FINAL.docx | Date of Review: May 2026
WR CNA_ALF,US,residential care facility for the elderly,Certified Nursing Assistant (CNA),Assisted Living Facility,"Clinical, Non-Medication Dispensing",,,Other Training Reference,Competency,Job Study — Certified Nursing Assistant (CNA) × Assisted Living Facility (FINAL),"Ability: Responds appropriately to a fall event: resident safety assessment, notification chain, documentation, and post-fall monitoring",Child,Workforce Readiness,,,Source: JobStudy_CNA_ALF_FINAL.docx | Date of Review: May 2026
WR CNA_ALF,US,residential care facility for the elderly,Certified Nursing Assistant (CNA),Assisted Living Facility,"Clinical, Non-Medication Dispensing",,,Other Training Reference,Competency,Job Study — Certified Nursing Assistant (CNA) × Assisted Living Facility (FINAL),Domain 6: Skin Integrity and Pressure Injury Prevention,Parent,Workforce Readiness,,,Source: JobStudy_CNA_ALF_FINAL.docx | Date of Review: May 2026
WR CNA_ALF,US,residential care facility for the elderly,Certified Nursing Assistant (CNA),Assisted Living Facility,"Clinical, Non-Medication Dispensing",,,Other Training Reference,Competency,Job Study — Certified Nursing Assistant (CNA) × Assisted Living Facility (FINAL),"Knowledge: Identifies pressure injury risk factors common in ALF residents (limited mobility, incontinence, poor nutrition, cognitive impairment)",Child,Workforce Readiness,,,Source: JobStudy_CNA_ALF_FINAL.docx | Date of Review: May 2026
WR CNA_ALF,US,residential care facility for the elderly,Certified Nursing Assistant (CNA),Assisted Living Facility,"Clinical, Non-Medication Dispensing",,,Other Training Reference,Competency,Job Study — Certified Nursing Assistant (CNA) × Assisted Living Facility (FINAL),Knowledge: Describes the Braden Scale framework and CNA's role in contributing to risk assessment data,Child,Workforce Readiness,,,Source: JobStudy_CNA_ALF_FINAL.docx | Date of Review: May 2026
WR CNA_ALF,US,residential care facility for the elderly,Certified Nursing Assistant (CNA),Assisted Living Facility,"Clinical, Non-Medication Dispensing",,,Other Training Reference,Competency,Job Study — Certified Nursing Assistant (CNA) × Assisted Living Facility (FINAL),Skill: Performs systematic skin checks and accurately documents findings,Child,Workforce Readiness,,,Source: JobStudy_CNA_ALF_FINAL.docx | Date of Review: May 2026
WR CNA_ALF,US,residential care facility for the elderly,Certified Nursing Assistant (CNA),Assisted Living Facility,"Clinical, Non-Medication Dispensing",,,Other Training Reference,Competency,Job Study — Certified Nursing Assistant (CNA) × Assisted Living Facility (FINAL),"Skill: Implements turning/repositioning schedules, offloading positioning, and moisture management interventions per care plan",Child,Workforce Readiness,,,Source: JobStudy_CNA_ALF_FINAL.docx | Date of Review: May 2026
WR CNA_ALF,US,residential care facility for the elderly,Certified Nursing Assistant (CNA),Assisted Living Facility,"Clinical, Non-Medication Dispensing",,,Other Training Reference,Competency,Job Study — Certified Nursing Assistant (CNA) × Assisted Living Facility (FINAL),"Ability: Identifies early-stage skin changes and escalates findings to licensed clinical staff; understands that the CNA role in skin integrity is observational reporting and escalation, not independent nursing assessment or wound evaluation",Child,Workforce Readiness,,,Source: JobStudy_CNA_ALF_FINAL.docx | Date of Review: May 2026
WR CNA_ALF,US,residential care facility for the elderly,Certified Nursing Assistant (CNA),Assisted Living Facility,"Clinical, Non-Medication Dispensing",,,Other Training Reference,Competency,Job Study — Certified Nursing Assistant (CNA) × Assisted Living Facility (FINAL),"Domain 7: Nutrition, Hydration, and Dysphagia Awareness",Parent,Workforce Readiness,,,Source: JobStudy_CNA_ALF_FINAL.docx | Date of Review: May 2026
WR CNA_ALF,US,residential care facility for the elderly,Certified Nursing Assistant (CNA),Assisted Living Facility,"Clinical, Non-Medication Dispensing",,,Other Training Reference,Competency,Job Study — Certified Nursing Assistant (CNA) × Assisted Living Facility (FINAL),Knowledge: Recognizes signs and symptoms of dehydration and malnutrition in older adults,Child,Workforce Readiness,,,Source: JobStudy_CNA_ALF_FINAL.docx | Date of Review: May 2026
WR CNA_ALF,US,residential care facility for the elderly,Certified Nursing Assistant (CNA),Assisted Living Facility,"Clinical, Non-Medication Dispensing",,,Other Training Reference,Competency,Job Study — Certified Nursing Assistant (CNA) × Assisted Living Facility (FINAL),Knowledge: Understands dysphagia risk factors and identifies residents on texture-modified or thickened-liquid diets,Child,Workforce Readiness,,,Source: JobStudy_CNA_ALF_FINAL.docx | Date of Review: May 2026
WR CNA_ALF,US,residential care facility for the elderly,Certified Nursing Assistant (CNA),Assisted Living Facility,"Clinical, Non-Medication Dispensing",,,Other Training Reference,Competency,Job Study — Certified Nursing Assistant (CNA) × Assisted Living Facility (FINAL),Skill: Provides appropriate mealtime assistance aligned with resident's care plan and swallowing precautions,Child,Workforce Readiness,,,Source: JobStudy_CNA_ALF_FINAL.docx | Date of Review: May 2026
WR CNA_ALF,US,residential care facility for the elderly,Certified Nursing Assistant (CNA),Assisted Living Facility,"Clinical, Non-Medication Dispensing",,,Other Training Reference,Competency,Job Study — Certified Nursing Assistant (CNA) × Assisted Living Facility (FINAL),Skill: Accurately monitors and documents meal/fluid intake and communicates intake concerns,Child,Workforce Readiness,,,Source: JobStudy_CNA_ALF_FINAL.docx | Date of Review: May 2026
WR CNA_ALF,US,residential care facility for the elderly,Certified Nursing Assistant (CNA),Assisted Living Facility,"Clinical, Non-Medication Dispensing",,,Other Training Reference,Competency,Job Study — Certified Nursing Assistant (CNA) × Assisted Living Facility (FINAL),Ability: Recognizes signs of aspiration during or after meals and initiates emergency response as indicated,Child,Workforce Readiness,,,Source: JobStudy_CNA_ALF_FINAL.docx | Date of Review: May 2026
WR CNA_ALF,US,residential care facility for the elderly,Certified Nursing Assistant (CNA),Assisted Living Facility,"Clinical, Non-Medication Dispensing",,,Other Training Reference,Competency,Job Study — Certified Nursing Assistant (CNA) × Assisted Living Facility (FINAL),Domain 8: Mental Health Recognition and Psychosocial Support,Parent,Workforce Readiness,,,Source: JobStudy_CNA_ALF_FINAL.docx | Date of Review: May 2026
WR CNA_ALF,US,residential care facility for the elderly,Certified Nursing Assistant (CNA),Assisted Living Facility,"Clinical, Non-Medication Dispensing",,,Other Training Reference,Competency,Job Study — Certified Nursing Assistant (CNA) × Assisted Living Facility (FINAL),"Knowledge: Identifies signs and symptoms of depression, anxiety, and social isolation in ALF residents",Child,Workforce Readiness,,,Source: JobStudy_CNA_ALF_FINAL.docx | Date of Review: May 2026
WR CNA_ALF,US,residential care facility for the elderly,Certified Nursing Assistant (CNA),Assisted Living Facility,"Clinical, Non-Medication Dispensing",,,Other Training Reference,Competency,Job Study — Certified Nursing Assistant (CNA) × Assisted Living Facility (FINAL),Knowledge: Understands that CNAs are not mental health clinicians but serve as the primary observation layer for mental health changes,Child,Workforce Readiness,,,Source: JobStudy_CNA_ALF_FINAL.docx | Date of Review: May 2026
WR CNA_ALF,US,residential care facility for the elderly,Certified Nursing Assistant (CNA),Assisted Living Facility,"Clinical, Non-Medication Dispensing",,,Other Training Reference,Competency,Job Study — Certified Nursing Assistant (CNA) × Assisted Living Facility (FINAL),Skill: Uses therapeutic communication techniques to provide psychosocial support during ADL care routines,Child,Workforce Readiness,,,Source: JobStudy_CNA_ALF_FINAL.docx | Date of Review: May 2026
WR CNA_ALF,US,residential care facility for the elderly,Certified Nursing Assistant (CNA),Assisted Living Facility,"Clinical, Non-Medication Dispensing",,,Other Training Reference,Competency,Job Study — Certified Nursing Assistant (CNA) × Assisted Living Facility (FINAL),"Skill: Documents and reports observed mood, behavioral, and social changes through appropriate care team channels",Child,Workforce Readiness,,,Source: JobStudy_CNA_ALF_FINAL.docx | Date of Review: May 2026
WR CNA_ALF,US,residential care facility for the elderly,Certified Nursing Assistant (CNA),Assisted Living Facility,"Clinical, Non-Medication Dispensing",,,Other Training Reference,Competency,Job Study — Certified Nursing Assistant (CNA) × Assisted Living Facility (FINAL),Ability: Differentiates between expected mood variation and clinically significant changes warranting escalation,Child,Workforce Readiness,,,Source: JobStudy_CNA_ALF_FINAL.docx | Date of Review: May 2026
WR CNA_ALF,US,residential care facility for the elderly,Certified Nursing Assistant (CNA),Assisted Living Facility,"Clinical, Non-Medication Dispensing",,,Other Training Reference,Competency,Job Study — Certified Nursing Assistant (CNA) × Assisted Living Facility (FINAL),Domain 9: End-of-Life and Comfort Care Awareness,Parent,Workforce Readiness,,,Source: JobStudy_CNA_ALF_FINAL.docx | Date of Review: May 2026
WR CNA_ALF,US,residential care facility for the elderly,Certified Nursing Assistant (CNA),Assisted Living Facility,"Clinical, Non-Medication Dispensing",,,Other Training Reference,Competency,Job Study — Certified Nursing Assistant (CNA) × Assisted Living Facility (FINAL),Knowledge: Describes the CNA's role in supporting residents receiving hospice or palliative care within the ALF,Child,Workforce Readiness,,,Source: JobStudy_CNA_ALF_FINAL.docx | Date of Review: May 2026
WR CNA_ALF,US,residential care facility for the elderly,Certified Nursing Assistant (CNA),Assisted Living Facility,"Clinical, Non-Medication Dispensing",,,Other Training Reference,Competency,Job Study — Certified Nursing Assistant (CNA) × Assisted Living Facility (FINAL),Knowledge: Identifies physical signs of active dying and understands why interventions shift toward comfort measures,Child,Workforce Readiness,,,Source: JobStudy_CNA_ALF_FINAL.docx | Date of Review: May 2026
WR CNA_ALF,US,residential care facility for the elderly,Certified Nursing Assistant (CNA),Assisted Living Facility,"Clinical, Non-Medication Dispensing",,,Other Training Reference,Competency,Job Study — Certified Nursing Assistant (CNA) × Assisted Living Facility (FINAL),"Skill: Provides comfort-focused personal care (positioning, oral care, pain observation reporting) for residents at end of life",Child,Workforce Readiness,,,Source: JobStudy_CNA_ALF_FINAL.docx | Date of Review: May 2026
WR CNA_ALF,US,residential care facility for the elderly,Certified Nursing Assistant (CNA),Assisted Living Facility,"Clinical, Non-Medication Dispensing",,,Other Training Reference,Competency,Job Study — Certified Nursing Assistant (CNA) × Assisted Living Facility (FINAL),Skill: Communicates with empathy and appropriate boundaries when interacting with grieving family members,Child,Workforce Readiness,,,Source: JobStudy_CNA_ALF_FINAL.docx | Date of Review: May 2026
WR CNA_ALF,US,residential care facility for the elderly,Certified Nursing Assistant (CNA),Assisted Living Facility,"Clinical, Non-Medication Dispensing",,,Other Training Reference,Competency,Job Study — Certified Nursing Assistant (CNA) × Assisted Living Facility (FINAL),Ability: Manages own emotional responses to resident death and accesses facility support resources,Child,Workforce Readiness,,,Source: JobStudy_CNA_ALF_FINAL.docx | Date of Review: May 2026
WR CNA_ALF,US,residential care facility for the elderly,Certified Nursing Assistant (CNA),Assisted Living Facility,"Clinical, Non-Medication Dispensing",,,Other Training Reference,Competency,Job Study — Certified Nursing Assistant (CNA) × Assisted Living Facility (FINAL),Domain 10: Change in Condition Recognition and Escalation,Parent,Workforce Readiness,,,Source: JobStudy_CNA_ALF_FINAL.docx | Date of Review: May 2026
WR CNA_ALF,US,residential care facility for the elderly,Certified Nursing Assistant (CNA),Assisted Living Facility,"Clinical, Non-Medication Dispensing",,,Other Training Reference,Competency,Job Study — Certified Nursing Assistant (CNA) × Assisted Living Facility (FINAL),"Knowledge: Identifies signs of acute change in condition that require urgent nursing or provider notification (altered mental status, respiratory distress, suspected ischemic event, uncontrolled pain)",Child,Workforce Readiness,,,Source: JobStudy_CNA_ALF_FINAL.docx | Date of Review: May 2026
WR CNA_ALF,US,residential care facility for the elderly,Certified Nursing Assistant (CNA),Assisted Living Facility,"Clinical, Non-Medication Dispensing",,,Other Training Reference,Competency,Job Study — Certified Nursing Assistant (CNA) × Assisted Living Facility (FINAL),"Knowledge: Understands ALF escalation pathways, including when to call 911 vs. notify the charge nurse vs. document for next assessment",Child,Workforce Readiness,,,Source: JobStudy_CNA_ALF_FINAL.docx | Date of Review: May 2026
WR CNA_ALF,US,residential care facility for the elderly,Certified Nursing Assistant (CNA),Assisted Living Facility,"Clinical, Non-Medication Dispensing",,,Other Training Reference,Competency,Job Study — Certified Nursing Assistant (CNA) × Assisted Living Facility (FINAL),Skill: Documents observed changes in condition accurately and in real time,Child,Workforce Readiness,,,Source: JobStudy_CNA_ALF_FINAL.docx | Date of Review: May 2026
WR CNA_ALF,US,residential care facility for the elderly,Certified Nursing Assistant (CNA),Assisted Living Facility,"Clinical, Non-Medication Dispensing",,,Other Training Reference,Competency,Job Study — Certified Nursing Assistant (CNA) × Assisted Living Facility (FINAL),"Ability: Overcomes barriers to escalation (fear of being wrong, hierarchy hesitancy) and acts on clinical instinct within CNA scope",Child,Workforce Readiness,,,Source: JobStudy_CNA_ALF_FINAL.docx | Date of Review: May 2026
WR LVN_ALF,US,residential care facility for the elderly,Licensed Vocational Nurse (LVN),Assisted Living Facility,"Clinical, Medication Dispensing",,,Other Training Reference,Competency,Job Study — Licensed Vocational Nurse (LVN) × Assisted Living Facility (FINAL),Domain 1: Regulatory & Care Setting Orientation,Parent,Workforce Readiness,,,Source: JobStudy_LVN_ALF_FINAL.docx | Date of Review: May 2026
WR LVN_ALF,US,residential care facility for the elderly,Licensed Vocational Nurse (LVN),Assisted Living Facility,"Clinical, Medication Dispensing",,,Other Training Reference,Competency,Job Study — Licensed Vocational Nurse (LVN) × Assisted Living Facility (FINAL),"Knowledge: Understands that LVN scope of practice is (most frequently) governed by the state Board of Nursing via the Nurse Practice Act, and that ALF licensure and staffing requirements are governed by a separate state agency (typically the state Department of Health, Department of Social Services, or Agency for Health Care Administration)",Child,Workforce Readiness,,,Source: JobStudy_LVN_ALF_FINAL.docx | Date of Review: May 2026
WR LVN_ALF,US,residential care facility for the elderly,Licensed Vocational Nurse (LVN),Assisted Living Facility,"Clinical, Medication Dispensing",,,Other Training Reference,Competency,Job Study — Licensed Vocational Nurse (LVN) × Assisted Living Facility (FINAL),"Knowledge: Identifies the distinction between ALF state regulatory frameworks and federal CMS Conditions of Participation (SNF-focused), and recognizes the federally-flagged elements that do apply (HIPAA, OSHA, federal elder abuse reporting, FDA medication labeling)",Child,Workforce Readiness,,,Source: JobStudy_LVN_ALF_FINAL.docx | Date of Review: May 2026
WR LVN_ALF,US,residential care facility for the elderly,Licensed Vocational Nurse (LVN),Assisted Living Facility,"Clinical, Medication Dispensing",,,Other Training Reference,Competency,Job Study — Licensed Vocational Nurse (LVN) × Assisted Living Facility (FINAL),"Knowledge: Describes how ALF licensure categories (e.g., residential care, memory care, enhanced assisted living) modify permissible LVN activities, staffing requirements, and supervision structures",Child,Workforce Readiness,,,Source: JobStudy_LVN_ALF_FINAL.docx | Date of Review: May 2026
WR LVN_ALF,US,residential care facility for the elderly,Licensed Vocational Nurse (LVN),Assisted Living Facility,"Clinical, Medication Dispensing",,,Other Training Reference,Competency,Job Study — Licensed Vocational Nurse (LVN) × Assisted Living Facility (FINAL),Skill: Applies facility-specific policies and procedures that simultaneously comply with the state NPA and the state ALF licensing rules,Child,Workforce Readiness,,,Source: JobStudy_LVN_ALF_FINAL.docx | Date of Review: May 2026
WR LVN_ALF,US,residential care facility for the elderly,Licensed Vocational Nurse (LVN),Assisted Living Facility,"Clinical, Medication Dispensing",,,Other Training Reference,Competency,Job Study — Licensed Vocational Nurse (LVN) × Assisted Living Facility (FINAL),"Ability: Differentiates between tasks within vs. outside LVN scope in the ALF setting and escalates to the RN, Director of Nursing, or provider when a requested task falls outside scope",Child,Workforce Readiness,,,Source: JobStudy_LVN_ALF_FINAL.docx | Date of Review: May 2026
WR LVN_ALF,US,residential care facility for the elderly,Licensed Vocational Nurse (LVN),Assisted Living Facility,"Clinical, Medication Dispensing",,,Other Training Reference,Competency,Job Study — Licensed Vocational Nurse (LVN) × Assisted Living Facility (FINAL),"Domain 2: Resident Rights, Autonomy, and Consent in the ALF Model",Parent,Workforce Readiness,,,Source: JobStudy_LVN_ALF_FINAL.docx | Date of Review: May 2026
WR LVN_ALF,US,residential care facility for the elderly,Licensed Vocational Nurse (LVN),Assisted Living Facility,"Clinical, Medication Dispensing",,,Other Training Reference,Competency,Job Study — Licensed Vocational Nurse (LVN) × Assisted Living Facility (FINAL),"Knowledge: Articulates resident rights specific to the ALF model, including self-determination, informed refusal of care, privacy, dignity, grievance processes, and the right to manage personal finances",Child,Workforce Readiness,,,Source: JobStudy_LVN_ALF_FINAL.docx | Date of Review: May 2026
WR LVN_ALF,US,residential care facility for the elderly,Licensed Vocational Nurse (LVN),Assisted Living Facility,"Clinical, Medication Dispensing",,,Other Training Reference,Competency,Job Study — Licensed Vocational Nurse (LVN) × Assisted Living Facility (FINAL),"Knowledge: Understands decisional capacity frameworks as they apply in ALFs, including the LVN's limited role in capacity determination and the obligations for surrogate decision-maker engagement",Child,Workforce Readiness,,,Source: JobStudy_LVN_ALF_FINAL.docx | Date of Review: May 2026
WR LVN_ALF,US,residential care facility for the elderly,Licensed Vocational Nurse (LVN),Assisted Living Facility,"Clinical, Medication Dispensing",,,Other Training Reference,Competency,Job Study — Licensed Vocational Nurse (LVN) × Assisted Living Facility (FINAL),"Skill: Incorporates resident preferences into medication administration, treatment delivery, and care routines without compromising clinical safety",Child,Workforce Readiness,,,Source: JobStudy_LVN_ALF_FINAL.docx | Date of Review: May 2026
WR LVN_ALF,US,residential care facility for the elderly,Licensed Vocational Nurse (LVN),Assisted Living Facility,"Clinical, Medication Dispensing",,,Other Training Reference,Competency,Job Study — Licensed Vocational Nurse (LVN) × Assisted Living Facility (FINAL),"Skill: Documents and escalates potential resident rights violations, including suspected abuse, neglect, exploitation, or involuntary discharge concerns, through facility and state-mandated reporting channels",Child,Workforce Readiness,,,Source: JobStudy_LVN_ALF_FINAL.docx | Date of Review: May 2026
WR LVN_ALF,US,residential care facility for the elderly,Licensed Vocational Nurse (LVN),Assisted Living Facility,"Clinical, Medication Dispensing",,,Other Training Reference,Competency,Job Study — Licensed Vocational Nurse (LVN) × Assisted Living Facility (FINAL),"Ability: Balances safety obligations with resident autonomy, recognizing when a resident's choice creates clinical risk and initiating interdisciplinary discussion rather than unilateral override",Child,Workforce Readiness,,,Source: JobStudy_LVN_ALF_FINAL.docx | Date of Review: May 2026
WR LVN_ALF,US,residential care facility for the elderly,Licensed Vocational Nurse (LVN),Assisted Living Facility,"Clinical, Medication Dispensing",,,Other Training Reference,Competency,Job Study — Licensed Vocational Nurse (LVN) × Assisted Living Facility (FINAL),Domain 3: Delegation and Supervision of Unlicensed Assistive Personnel,Parent,Workforce Readiness,,,Source: JobStudy_LVN_ALF_FINAL.docx | Date of Review: May 2026
WR LVN_ALF,US,residential care facility for the elderly,Licensed Vocational Nurse (LVN),Assisted Living Facility,"Clinical, Medication Dispensing",,,Other Training Reference,Competency,Job Study — Licensed Vocational Nurse (LVN) × Assisted Living Facility (FINAL),"Knowledge: Applies the NCSBN Five Rights of Delegation (right task, right circumstance, right person, right direction/communication, right supervision/evaluation) as the framework for all LVN-to-UAP delegation decisions",Child,Workforce Readiness,,,Source: JobStudy_LVN_ALF_FINAL.docx | Date of Review: May 2026
WR LVN_ALF,US,residential care facility for the elderly,Licensed Vocational Nurse (LVN),Assisted Living Facility,"Clinical, Medication Dispensing",,,Other Training Reference,Competency,Job Study — Licensed Vocational Nurse (LVN) × Assisted Living Facility (FINAL),"Knowledge: Identifies state-specific rules on whether LVNs may delegate or only supervise UAP, and the types of tasks (e.g., medication assistance, blood glucose monitoring, ADL support) permissible for delegation in the state of practice",Child,Workforce Readiness,,,Source: JobStudy_LVN_ALF_FINAL.docx | Date of Review: May 2026
WR LVN_ALF,US,residential care facility for the elderly,Licensed Vocational Nurse (LVN),Assisted Living Facility,"Clinical, Medication Dispensing",,,Other Training Reference,Competency,Job Study — Licensed Vocational Nurse (LVN) × Assisted Living Facility (FINAL),"Skill: Validates UAP competency prior to delegation, communicates task parameters clearly, and performs ongoing supervision and evaluation of delegated care; this is especially critical in ALFs where caregiver experience, training backgrounds, and turnover rates can vary significantly between facilities and states",Child,Workforce Readiness,,,Source: JobStudy_LVN_ALF_FINAL.docx | Date of Review: May 2026
WR LVN_ALF,US,residential care facility for the elderly,Licensed Vocational Nurse (LVN),Assisted Living Facility,"Clinical, Medication Dispensing",,,Other Training Reference,Competency,Job Study — Licensed Vocational Nurse (LVN) × Assisted Living Facility (FINAL),"Skill: Documents delegation decisions, UAP reports, and supervisory observations consistent with facility policy and the state NPA",Child,Workforce Readiness,,,Source: JobStudy_LVN_ALF_FINAL.docx | Date of Review: May 2026
WR LVN_ALF,US,residential care facility for the elderly,Licensed Vocational Nurse (LVN),Assisted Living Facility,"Clinical, Medication Dispensing",,,Other Training Reference,Competency,Job Study — Licensed Vocational Nurse (LVN) × Assisted Living Facility (FINAL),"Ability: Recognizes delegation errors in real time, including task-to-skill mismatch, patient instability that invalidates delegation, or UAP hesitation, and intervenes by re-assuming the task or re-directing care",Child,Workforce Readiness,,,Source: JobStudy_LVN_ALF_FINAL.docx | Date of Review: May 2026
WR LVN_ALF,US,residential care facility for the elderly,Licensed Vocational Nurse (LVN),Assisted Living Facility,"Clinical, Medication Dispensing",,,Other Training Reference,Competency,Job Study — Licensed Vocational Nurse (LVN) × Assisted Living Facility (FINAL),Domain 4: Medication Administration and Management,Parent,Workforce Readiness,,,Source: JobStudy_LVN_ALF_FINAL.docx | Date of Review: May 2026
WR LVN_ALF,US,residential care facility for the elderly,Licensed Vocational Nurse (LVN),Assisted Living Facility,"Clinical, Medication Dispensing",,,Other Training Reference,Competency,Job Study — Licensed Vocational Nurse (LVN) × Assisted Living Facility (FINAL),"Knowledge: Describes the distinction between medication administration (within LVN scope where state permits), medication management (ordering, reconciliation, review), and medication assistance (UAP role with resident self-administration)",Child,Workforce Readiness,,,Source: JobStudy_LVN_ALF_FINAL.docx | Date of Review: May 2026
WR LVN_ALF,US,residential care facility for the elderly,Licensed Vocational Nurse (LVN),Assisted Living Facility,"Clinical, Medication Dispensing",,,Other Training Reference,Competency,Job Study — Licensed Vocational Nurse (LVN) × Assisted Living Facility (FINAL),"Knowledge: Identifies high-risk medication categories common in the ALF population - anticoagulants, antipsychotics, opioids, insulin, and antihypertensives - and the specific monitoring, documentation, and side-effect recognition required for each",Child,Workforce Readiness,,,Source: JobStudy_LVN_ALF_FINAL.docx | Date of Review: May 2026
WR LVN_ALF,US,residential care facility for the elderly,Licensed Vocational Nurse (LVN),Assisted Living Facility,"Clinical, Medication Dispensing",,,Other Training Reference,Competency,Job Study — Licensed Vocational Nurse (LVN) × Assisted Living Facility (FINAL),"Skill: Performs medication administration and reconciliation in accordance with the Six Rights, facility policy, and state LVN scope, including processing new provider orders and managing narcotic inventory and diversion monitoring",Child,Workforce Readiness,,,Source: JobStudy_LVN_ALF_FINAL.docx | Date of Review: May 2026
WR LVN_ALF,US,residential care facility for the elderly,Licensed Vocational Nurse (LVN),Assisted Living Facility,"Clinical, Medication Dispensing",,,Other Training Reference,Competency,Job Study — Licensed Vocational Nurse (LVN) × Assisted Living Facility (FINAL),"Skill: Provides structured oversight of medication-assisting UAP or med aides, including audit of MAR completeness, observation of technique, and investigation of administration errors",Child,Workforce Readiness,,,Source: JobStudy_LVN_ALF_FINAL.docx | Date of Review: May 2026
WR LVN_ALF,US,residential care facility for the elderly,Licensed Vocational Nurse (LVN),Assisted Living Facility,"Clinical, Medication Dispensing",,,Other Training Reference,Competency,Job Study — Licensed Vocational Nurse (LVN) × Assisted Living Facility (FINAL),"Ability: Identifies adverse drug events, polypharmacy risks, and off-label antipsychotic use patterns, and escalates through the appropriate channel (pharmacist, provider, Director of Nursing)",Child,Workforce Readiness,,,Source: JobStudy_LVN_ALF_FINAL.docx | Date of Review: May 2026
WR LVN_ALF,US,residential care facility for the elderly,Licensed Vocational Nurse (LVN),Assisted Living Facility,"Clinical, Medication Dispensing",,,Other Training Reference,Competency,Job Study — Licensed Vocational Nurse (LVN) × Assisted Living Facility (FINAL),Domain 5: Dementia Care and Behavioral Symptom Management,Parent,Workforce Readiness,,,Source: JobStudy_LVN_ALF_FINAL.docx | Date of Review: May 2026
WR LVN_ALF,US,residential care facility for the elderly,Licensed Vocational Nurse (LVN),Assisted Living Facility,"Clinical, Medication Dispensing",,,Other Training Reference,Competency,Job Study — Licensed Vocational Nurse (LVN) × Assisted Living Facility (FINAL),Knowledge: Describes the stages and behavioral manifestations of Alzheimer's disease and related dementias (ADRD) and differentiates baseline dementia behavior from acute changes suggesting delirium or medical decompensation,Child,Workforce Readiness,,,Source: JobStudy_LVN_ALF_FINAL.docx | Date of Review: May 2026
WR LVN_ALF,US,residential care facility for the elderly,Licensed Vocational Nurse (LVN),Assisted Living Facility,"Clinical, Medication Dispensing",,,Other Training Reference,Competency,Job Study — Licensed Vocational Nurse (LVN) × Assisted Living Facility (FINAL),Knowledge: Identifies evidence-based triggers for behavioral and psychological symptoms of dementia (BPSD) and understands the rationale for non-pharmacologic first-line interventions,Child,Workforce Readiness,,,Source: JobStudy_LVN_ALF_FINAL.docx | Date of Review: May 2026
WR LVN_ALF,US,residential care facility for the elderly,Licensed Vocational Nurse (LVN),Assisted Living Facility,"Clinical, Medication Dispensing",,,Other Training Reference,Competency,Job Study — Licensed Vocational Nurse (LVN) × Assisted Living Facility (FINAL),Skill: Applies person-centered communication strategies and leads UAP in the consistent use of non-pharmacologic behavioral interventions,Child,Workforce Readiness,,,Source: JobStudy_LVN_ALF_FINAL.docx | Date of Review: May 2026
WR LVN_ALF,US,residential care facility for the elderly,Licensed Vocational Nurse (LVN),Assisted Living Facility,"Clinical, Medication Dispensing",,,Other Training Reference,Competency,Job Study — Licensed Vocational Nurse (LVN) × Assisted Living Facility (FINAL),"Skill: Monitors residents receiving antipsychotic medications for appropriate indication, informed consent, efficacy, and adverse effects, and communicates findings to the prescriber",Child,Workforce Readiness,,,Source: JobStudy_LVN_ALF_FINAL.docx | Date of Review: May 2026
WR LVN_ALF,US,residential care facility for the elderly,Licensed Vocational Nurse (LVN),Assisted Living Facility,"Clinical, Medication Dispensing",,,Other Training Reference,Competency,Job Study — Licensed Vocational Nurse (LVN) × Assisted Living Facility (FINAL),"Ability: Recognizes when behavioral escalation exceeds the facility's care capacity and initiates the appropriate clinical response, up to and including provider consultation or transfer to a higher level of care",Child,Workforce Readiness,,,Source: JobStudy_LVN_ALF_FINAL.docx | Date of Review: May 2026
WR LVN_ALF,US,residential care facility for the elderly,Licensed Vocational Nurse (LVN),Assisted Living Facility,"Clinical, Medication Dispensing",,,Other Training Reference,Competency,Job Study — Licensed Vocational Nurse (LVN) × Assisted Living Facility (FINAL),Domain 6: Change in Condition Assessment and Escalation,Parent,Workforce Readiness,,,Source: JobStudy_LVN_ALF_FINAL.docx | Date of Review: May 2026
WR LVN_ALF,US,residential care facility for the elderly,Licensed Vocational Nurse (LVN),Assisted Living Facility,"Clinical, Medication Dispensing",,,Other Training Reference,Competency,Job Study — Licensed Vocational Nurse (LVN) × Assisted Living Facility (FINAL),"Knowledge: Identifies signs of acute change in condition that require urgent escalation - altered mental status, respiratory distress, suspected cardiovascular or neurologic event, sepsis indicators, uncontrolled pain, or functional decline",Child,Workforce Readiness,,,Source: JobStudy_LVN_ALF_FINAL.docx | Date of Review: May 2026
WR LVN_ALF,US,residential care facility for the elderly,Licensed Vocational Nurse (LVN),Assisted Living Facility,"Clinical, Medication Dispensing",,,Other Training Reference,Competency,Job Study — Licensed Vocational Nurse (LVN) × Assisted Living Facility (FINAL),"Knowledge: Describes structured communication frameworks used in the ALF setting, including SBAR and INTERACT tools",Child,Workforce Readiness,,,Source: JobStudy_LVN_ALF_FINAL.docx | Date of Review: May 2026
WR LVN_ALF,US,residential care facility for the elderly,Licensed Vocational Nurse (LVN),Assisted Living Facility,"Clinical, Medication Dispensing",,,Other Training Reference,Competency,Job Study — Licensed Vocational Nurse (LVN) × Assisted Living Facility (FINAL),"Skill: Performs a focused nursing assessment within LVN scope, synthesizes UAP observations, and formulates a clear clinical communication to the RN, provider, or emergency services",Child,Workforce Readiness,,,Source: JobStudy_LVN_ALF_FINAL.docx | Date of Review: May 2026
WR LVN_ALF,US,residential care facility for the elderly,Licensed Vocational Nurse (LVN),Assisted Living Facility,"Clinical, Medication Dispensing",,,Other Training Reference,Competency,Job Study — Licensed Vocational Nurse (LVN) × Assisted Living Facility (FINAL),"Skill: Documents change-in-condition events, assessments, interventions, and communications accurately and in real time to support continuity of care and regulatory review",Child,Workforce Readiness,,,Source: JobStudy_LVN_ALF_FINAL.docx | Date of Review: May 2026
WR LVN_ALF,US,residential care facility for the elderly,Licensed Vocational Nurse (LVN),Assisted Living Facility,"Clinical, Medication Dispensing",,,Other Training Reference,Competency,Job Study — Licensed Vocational Nurse (LVN) × Assisted Living Facility (FINAL),"Ability: Discriminates between conditions manageable at the ALF level and those requiring hospital transfer, and advocates for the resident's goals of care when transfer decisions arise",Child,Workforce Readiness,,,Source: JobStudy_LVN_ALF_FINAL.docx | Date of Review: May 2026
WR LVN_ALF,US,residential care facility for the elderly,Licensed Vocational Nurse (LVN),Assisted Living Facility,"Clinical, Medication Dispensing",,,Other Training Reference,Competency,Job Study — Licensed Vocational Nurse (LVN) × Assisted Living Facility (FINAL),Domain 7: Skilled Nursing Tasks within LVN Scope,Parent,Workforce Readiness,,,Source: JobStudy_LVN_ALF_FINAL.docx | Date of Review: May 2026
WR LVN_ALF,US,residential care facility for the elderly,Licensed Vocational Nurse (LVN),Assisted Living Facility,"Clinical, Medication Dispensing",,,Other Training Reference,Competency,Job Study — Licensed Vocational Nurse (LVN) × Assisted Living Facility (FINAL),"Knowledge: Identifies the skilled tasks permissible under state LVN scope in the ALF setting , typically including wound care, catheter care, blood glucose monitoring, insulin and other subcutaneous injections, ostomy care, and specimen collection",Child,Workforce Readiness,,,Source: JobStudy_LVN_ALF_FINAL.docx | Date of Review: May 2026
WR LVN_ALF,US,residential care facility for the elderly,Licensed Vocational Nurse (LVN),Assisted Living Facility,"Clinical, Medication Dispensing",,,Other Training Reference,Competency,Job Study — Licensed Vocational Nurse (LVN) × Assisted Living Facility (FINAL),"Knowledge: Understands the additional certifications or standardized procedures required in some states for IV therapy, central line care, or anticoagulation monitoring (INR checks)",Child,Workforce Readiness,,,Source: JobStudy_LVN_ALF_FINAL.docx | Date of Review: May 2026
WR LVN_ALF,US,residential care facility for the elderly,Licensed Vocational Nurse (LVN),Assisted Living Facility,"Clinical, Medication Dispensing",,,Other Training Reference,Competency,Job Study — Licensed Vocational Nurse (LVN) × Assisted Living Facility (FINAL),"Skill: Performs skilled tasks in accordance with current evidence-based practice, facility protocol, and documented competency",Child,Workforce Readiness,,,Source: JobStudy_LVN_ALF_FINAL.docx | Date of Review: May 2026
WR LVN_ALF,US,residential care facility for the elderly,Licensed Vocational Nurse (LVN),Assisted Living Facility,"Clinical, Medication Dispensing",,,Other Training Reference,Competency,Job Study — Licensed Vocational Nurse (LVN) × Assisted Living Facility (FINAL),Ability: Recognizes when a clinical situation exceeds LVN scope and requires RN or provider involvement and effects the transition without compromising resident safety,Child,Workforce Readiness,,,Source: JobStudy_LVN_ALF_FINAL.docx | Date of Review: May 2026
WR LVN_ALF,US,residential care facility for the elderly,Licensed Vocational Nurse (LVN),Assisted Living Facility,"Clinical, Medication Dispensing",,,Other Training Reference,Competency,Job Study — Licensed Vocational Nurse (LVN) × Assisted Living Facility (FINAL),"Domain 8: Falls, Skin Integrity, and Preventive Surveillance",Parent,Workforce Readiness,,,Source: JobStudy_LVN_ALF_FINAL.docx | Date of Review: May 2026
WR LVN_ALF,US,residential care facility for the elderly,Licensed Vocational Nurse (LVN),Assisted Living Facility,"Clinical, Medication Dispensing",,,Other Training Reference,Competency,Job Study — Licensed Vocational Nurse (LVN) × Assisted Living Facility (FINAL),"Knowledge: Identifies ALF-specific fall and pressure injury risk factors, including resident mobility and independence, polypharmacy contributions, and cognitive impairment",Child,Workforce Readiness,,,Source: JobStudy_LVN_ALF_FINAL.docx | Date of Review: May 2026
WR LVN_ALF,US,residential care facility for the elderly,Licensed Vocational Nurse (LVN),Assisted Living Facility,"Clinical, Medication Dispensing",,,Other Training Reference,Competency,Job Study — Licensed Vocational Nurse (LVN) × Assisted Living Facility (FINAL),"Knowledge: Describes the Braden Scale, Morse Fall Scale, and comparable risk assessment frameworks commonly used in the ALF setting, including the LVN's role within each",Child,Workforce Readiness,,,Source: JobStudy_LVN_ALF_FINAL.docx | Date of Review: May 2026
WR LVN_ALF,US,residential care facility for the elderly,Licensed Vocational Nurse (LVN),Assisted Living Facility,"Clinical, Medication Dispensing",,,Other Training Reference,Competency,Job Study — Licensed Vocational Nurse (LVN) × Assisted Living Facility (FINAL),"Skill: Leads post-fall and wound assessments, implements individualized interventions consistent with the care plan, and directs UAP on turning, offloading, and moisture management",Child,Workforce Readiness,,,Source: JobStudy_LVN_ALF_FINAL.docx | Date of Review: May 2026
WR LVN_ALF,US,residential care facility for the elderly,Licensed Vocational Nurse (LVN),Assisted Living Facility,"Clinical, Medication Dispensing",,,Other Training Reference,Competency,Job Study — Licensed Vocational Nurse (LVN) × Assisted Living Facility (FINAL),"Ability: Integrates surveillance findings across the resident population to identify trends (e.g., recurring falls after medication changes) and communicates these to the Director of Nursing or QAPI committee",Child,Workforce Readiness,,,Source: JobStudy_LVN_ALF_FINAL.docx | Date of Review: May 2026
WR LVN_ALF,US,residential care facility for the elderly,Licensed Vocational Nurse (LVN),Assisted Living Facility,"Clinical, Medication Dispensing",,,Other Training Reference,Competency,Job Study — Licensed Vocational Nurse (LVN) × Assisted Living Facility (FINAL),"Domain 9: Documentation, Care Planning, and Interdisciplinary Communication",Parent,Workforce Readiness,,,Source: JobStudy_LVN_ALF_FINAL.docx | Date of Review: May 2026
WR LVN_ALF,US,residential care facility for the elderly,Licensed Vocational Nurse (LVN),Assisted Living Facility,"Clinical, Medication Dispensing",,,Other Training Reference,Competency,Job Study — Licensed Vocational Nurse (LVN) × Assisted Living Facility (FINAL),Knowledge: Describes the LVN's state-defined role in the nursing process in the ALF setting - typically data collection and contribution to the care plan rather than independent nursing diagnosis or care plan authorship,Child,Workforce Readiness,,,Source: JobStudy_LVN_ALF_FINAL.docx | Date of Review: May 2026
WR LVN_ALF,US,residential care facility for the elderly,Licensed Vocational Nurse (LVN),Assisted Living Facility,"Clinical, Medication Dispensing",,,Other Training Reference,Competency,Job Study — Licensed Vocational Nurse (LVN) × Assisted Living Facility (FINAL),"Knowledge: Identifies the core documentation obligations in an ALF - MAR, treatment records, progress notes, change-in-condition notes, incident reports, and communication logs - and understands how each supports regulatory defensibility",Child,Workforce Readiness,,,Source: JobStudy_LVN_ALF_FINAL.docx | Date of Review: May 2026
WR LVN_ALF,US,residential care facility for the elderly,Licensed Vocational Nurse (LVN),Assisted Living Facility,"Clinical, Medication Dispensing",,,Other Training Reference,Competency,Job Study — Licensed Vocational Nurse (LVN) × Assisted Living Facility (FINAL),"Skill: Produces objective, timely, and legally defensible documentation that reflects nursing process steps within LVN scope; in ALFs this documentation supports incident investigation, survey response, change-in-condition review, family concerns, emergency transfer timelines, delegated-care oversight, and regulatory defensibility following adverse events",Child,Workforce Readiness,,,Source: JobStudy_LVN_ALF_FINAL.docx | Date of Review: May 2026
WR LVN_ALF,US,residential care facility for the elderly,Licensed Vocational Nurse (LVN),Assisted Living Facility,"Clinical, Medication Dispensing",,,Other Training Reference,Competency,Job Study — Licensed Vocational Nurse (LVN) × Assisted Living Facility (FINAL),"Skill: Communicates clinical information across disciplines and audiences, including UAP, RN, provider, family, hospice, pharmacy, and transferring facilities, adapting to the audience without loss of clinical accuracy",Child,Workforce Readiness,,,Source: JobStudy_LVN_ALF_FINAL.docx | Date of Review: May 2026
WR LVN_ALF,US,residential care facility for the elderly,Licensed Vocational Nurse (LVN),Assisted Living Facility,"Clinical, Medication Dispensing",,,Other Training Reference,Competency,Job Study — Licensed Vocational Nurse (LVN) × Assisted Living Facility (FINAL),"Ability: Recognizes documentation gaps and systems-level communication failures, and raises them for resolution rather than accommodating workarounds that erode regulatory posture",Child,Workforce Readiness,,,Source: JobStudy_LVN_ALF_FINAL.docx | Date of Review: May 2026
WR LVN_ALF,US,residential care facility for the elderly,Licensed Vocational Nurse (LVN),Assisted Living Facility,"Clinical, Medication Dispensing",,,Other Training Reference,Competency,Job Study — Licensed Vocational Nurse (LVN) × Assisted Living Facility (FINAL),Domain 10: End-of-Life and Comfort Care in the ALF Setting,Parent,Workforce Readiness,,,Source: JobStudy_LVN_ALF_FINAL.docx | Date of Review: May 2026
WR LVN_ALF,US,residential care facility for the elderly,Licensed Vocational Nurse (LVN),Assisted Living Facility,"Clinical, Medication Dispensing",,,Other Training Reference,Competency,Job Study — Licensed Vocational Nurse (LVN) × Assisted Living Facility (FINAL),"Knowledge: Describes the LVN's role in supporting residents receiving hospice or palliative care within the ALF, including coordination with the hospice agency as the primary clinical authority",Child,Workforce Readiness,,,Source: JobStudy_LVN_ALF_FINAL.docx | Date of Review: May 2026
WR LVN_ALF,US,residential care facility for the elderly,Licensed Vocational Nurse (LVN),Assisted Living Facility,"Clinical, Medication Dispensing",,,Other Training Reference,Competency,Job Study — Licensed Vocational Nurse (LVN) × Assisted Living Facility (FINAL),"Knowledge: Identifies physical signs of active dying and understands how goals of care shift clinical decision-making toward comfort, including the documentation and verification of advance directives and code status",Child,Workforce Readiness,,,Source: JobStudy_LVN_ALF_FINAL.docx | Date of Review: May 2026
WR LVN_ALF,US,residential care facility for the elderly,Licensed Vocational Nurse (LVN),Assisted Living Facility,"Clinical, Medication Dispensing",,,Other Training Reference,Competency,Job Study — Licensed Vocational Nurse (LVN) × Assisted Living Facility (FINAL),"Skill: Delivers comfort-focused nursing care, such as pain and symptom assessment, positioning, oral care, bowel and bladder management, and directs UAP consistently within the resident's plan",Child,Workforce Readiness,,,Source: JobStudy_LVN_ALF_FINAL.docx | Date of Review: May 2026
WR LVN_ALF,US,residential care facility for the elderly,Licensed Vocational Nurse (LVN),Assisted Living Facility,"Clinical, Medication Dispensing",,,Other Training Reference,Competency,Job Study — Licensed Vocational Nurse (LVN) × Assisted Living Facility (FINAL),"Skill: Communicates with empathy and appropriate clinical framing with family members during the dying process and after death, including post-mortem care and notification workflows",Child,Workforce Readiness,,,Source: JobStudy_LVN_ALF_FINAL.docx | Date of Review: May 2026
WR LVN_ALF,US,residential care facility for the elderly,Licensed Vocational Nurse (LVN),Assisted Living Facility,"Clinical, Medication Dispensing",,,Other Training Reference,Competency,Job Study — Licensed Vocational Nurse (LVN) × Assisted Living Facility (FINAL),"Ability: Manages own emotional responses to resident death and models healthy coping for UAP and less-experienced staff, accessing facility and community grief-support resources as needed",Child,Workforce Readiness,,,Source: JobStudy_LVN_ALF_FINAL.docx | Date of Review: May 2026
WR RN_ALF,US,residential care facility for the elderly,Registered Nurse (RN),Assisted Living Facility,"Clinical, Medication Dispensing",,,Other Training Reference,Competency,Job Study — Registered Nurse (RN) × Assisted Living Facility (FINAL),Domain 1: Regulatory & Care Setting Orientation,Parent,Workforce Readiness,,,Source: JobStudy_RN_ALF_FINAL.docx | Date of Review: May 2026
WR RN_ALF,US,residential care facility for the elderly,Registered Nurse (RN),Assisted Living Facility,"Clinical, Medication Dispensing",,,Other Training Reference,Competency,Job Study — Registered Nurse (RN) × Assisted Living Facility (FINAL),"Knowledge: Understands that RN scope of practice is governed by the state Board of Nursing via the Nurse Practice Act, while ALF licensure, staffing, and operational requirements are governed by a separate state agency",Child,Workforce Readiness,,,Source: JobStudy_RN_ALF_FINAL.docx | Date of Review: May 2026
WR RN_ALF,US,residential care facility for the elderly,Registered Nurse (RN),Assisted Living Facility,"Clinical, Medication Dispensing",,,Other Training Reference,Competency,Job Study — Registered Nurse (RN) × Assisted Living Facility (FINAL),"Knowledge: Identifies the distinction between ALF state regulatory frameworks and federal CMS Conditions of Participation, and recognizes the federally-flagged elements that do apply in ALFs (HIPAA, OSHA, federal elder abuse reporting, FDA medication labeling, ADA, Fair Housing Act)",Child,Workforce Readiness,,,Source: JobStudy_RN_ALF_FINAL.docx | Date of Review: May 2026
WR RN_ALF,US,residential care facility for the elderly,Registered Nurse (RN),Assisted Living Facility,"Clinical, Medication Dispensing",,,Other Training Reference,Competency,Job Study — Registered Nurse (RN) × Assisted Living Facility (FINAL),"Knowledge: Describes how ALF licensure categories (e.g., residential care, memory care endorsement, enhanced or extended-congregate care) modify required RN presence, permissible resident acuity, and the RN's supervisory responsibilities",Child,Workforce Readiness,,,Source: JobStudy_RN_ALF_FINAL.docx | Date of Review: May 2026
WR RN_ALF,US,residential care facility for the elderly,Registered Nurse (RN),Assisted Living Facility,"Clinical, Medication Dispensing",,,Other Training Reference,Competency,Job Study — Registered Nurse (RN) × Assisted Living Facility (FINAL),"Skill: Develops and maintains facility policies and procedures that simultaneously comply with the state NPA, the state ALF licensing rules, and applicable federal overlays",Child,Workforce Readiness,,,Source: JobStudy_RN_ALF_FINAL.docx | Date of Review: May 2026
WR RN_ALF,US,residential care facility for the elderly,Registered Nurse (RN),Assisted Living Facility,"Clinical, Medication Dispensing",,,Other Training Reference,Competency,Job Study — Registered Nurse (RN) × Assisted Living Facility (FINAL),"Ability: Reconciles conflicts among the state NPA, state ALF rules, facility policy, and resident preferences, and resolves them through documented clinical judgment and consultation with the administrator, legal counsel, or regulator as appropriate",Child,Workforce Readiness,,,Source: JobStudy_RN_ALF_FINAL.docx | Date of Review: May 2026
WR RN_ALF,US,residential care facility for the elderly,Registered Nurse (RN),Assisted Living Facility,"Clinical, Medication Dispensing",,,Other Training Reference,Competency,Job Study — Registered Nurse (RN) × Assisted Living Facility (FINAL),"Domain 2: Resident Rights, Autonomy, and Consent in the ALF Model",Parent,Workforce Readiness,,,Source: JobStudy_RN_ALF_FINAL.docx | Date of Review: May 2026
WR RN_ALF,US,residential care facility for the elderly,Registered Nurse (RN),Assisted Living Facility,"Clinical, Medication Dispensing",,,Other Training Reference,Competency,Job Study — Registered Nurse (RN) × Assisted Living Facility (FINAL),"Knowledge: Articulates resident rights specific to the ALF model, including self-determination, informed refusal of care, privacy, dignity, grievance processes, and the right to manage personal finances, visitors, and routines within the residential unit",Child,Workforce Readiness,,,Source: JobStudy_RN_ALF_FINAL.docx | Date of Review: May 2026
WR RN_ALF,US,residential care facility for the elderly,Registered Nurse (RN),Assisted Living Facility,"Clinical, Medication Dispensing",,,Other Training Reference,Competency,Job Study — Registered Nurse (RN) × Assisted Living Facility (FINAL),"Knowledge: Describes decisional capacity frameworks as they apply in ALFs, including the RN's role in capacity observation and reporting, the boundary against RN-led capacity determination, and the obligations for surrogate decision-maker and power-of-attorney engagement",Child,Workforce Readiness,,,Source: JobStudy_RN_ALF_FINAL.docx | Date of Review: May 2026
WR RN_ALF,US,residential care facility for the elderly,Registered Nurse (RN),Assisted Living Facility,"Clinical, Medication Dispensing",,,Other Training Reference,Competency,Job Study — Registered Nurse (RN) × Assisted Living Facility (FINAL),"Skill: Builds clinical care delivery around documented resident preferences - including medication, treatment, ADL, and end-of-life choices - without compromising clinical safety or regulatory obligation",Child,Workforce Readiness,,,Source: JobStudy_RN_ALF_FINAL.docx | Date of Review: May 2026
WR RN_ALF,US,residential care facility for the elderly,Registered Nurse (RN),Assisted Living Facility,"Clinical, Medication Dispensing",,,Other Training Reference,Competency,Job Study — Registered Nurse (RN) × Assisted Living Facility (FINAL),"Skill: Identifies, documents, and escalates suspected abuse, neglect, exploitation, and involuntary discharge concerns through facility and state-mandated reporting channels, including state Adult Protective Services and ALF regulator notification timelines",Child,Workforce Readiness,,,Source: JobStudy_RN_ALF_FINAL.docx | Date of Review: May 2026
WR RN_ALF,US,residential care facility for the elderly,Registered Nurse (RN),Assisted Living Facility,"Clinical, Medication Dispensing",,,Other Training Reference,Competency,Job Study — Registered Nurse (RN) × Assisted Living Facility (FINAL),"Ability: Balances safety obligations with resident autonomy, recognizing when a resident's choice creates clinical risk and convening an interdisciplinary, surrogate-inclusive discussion rather than imposing a unilateral clinical override",Child,Workforce Readiness,,,Source: JobStudy_RN_ALF_FINAL.docx | Date of Review: May 2026
WR RN_ALF,US,residential care facility for the elderly,Registered Nurse (RN),Assisted Living Facility,"Clinical, Medication Dispensing",,,Other Training Reference,Competency,Job Study — Registered Nurse (RN) × Assisted Living Facility (FINAL),"Domain 3: RN Scope, Nursing Process, and Clinical Leadership in the ALF",Parent,Workforce Readiness,,,Source: JobStudy_RN_ALF_FINAL.docx | Date of Review: May 2026
WR RN_ALF,US,residential care facility for the elderly,Registered Nurse (RN),Assisted Living Facility,"Clinical, Medication Dispensing",,,Other Training Reference,Competency,Job Study — Registered Nurse (RN) × Assisted Living Facility (FINAL),"Knowledge: Articulates the full RN nursing process as it applies in the ALF setting, and the boundary between RN-led nursing practice and the medical-model authority of the attending or consulting provider",Child,Workforce Readiness,,,Source: JobStudy_RN_ALF_FINAL.docx | Date of Review: May 2026
WR RN_ALF,US,residential care facility for the elderly,Registered Nurse (RN),Assisted Living Facility,"Clinical, Medication Dispensing",,,Other Training Reference,Competency,Job Study — Registered Nurse (RN) × Assisted Living Facility (FINAL),"Knowledge: Identifies state-defined RN responsibilities in ALFs - which may include required on-site presence, frequency of resident reassessment, medication regimen review, fall and incident review, infection prevention oversight, and signature authority on care plans",Child,Workforce Readiness,,,Source: JobStudy_RN_ALF_FINAL.docx | Date of Review: May 2026
WR RN_ALF,US,residential care facility for the elderly,Registered Nurse (RN),Assisted Living Facility,"Clinical, Medication Dispensing",,,Other Training Reference,Competency,Job Study — Registered Nurse (RN) × Assisted Living Facility (FINAL),Skill: Performs RN-led activities within scope in accordance with the NPA and facility policy,Child,Workforce Readiness,,,Source: JobStudy_RN_ALF_FINAL.docx | Date of Review: May 2026
WR RN_ALF,US,residential care facility for the elderly,Registered Nurse (RN),Assisted Living Facility,"Clinical, Medication Dispensing",,,Other Training Reference,Competency,Job Study — Registered Nurse (RN) × Assisted Living Facility (FINAL),"Skill: Provides clinical leadership across the licensed and unlicensed team, modeling person-centered care, evidence-based decision-making, and regulatory accountability for LVNs, medication aides, and direct care staff",Child,Workforce Readiness,,,Source: JobStudy_RN_ALF_FINAL.docx | Date of Review: May 2026
WR RN_ALF,US,residential care facility for the elderly,Registered Nurse (RN),Assisted Living Facility,"Clinical, Medication Dispensing",,,Other Training Reference,Competency,Job Study — Registered Nurse (RN) × Assisted Living Facility (FINAL),"Ability: Recognizes when RN scope as locally defined is misaligned with the demands of the resident population (e.g., admission of residents whose needs exceed the facility's licensure category) and elevates the concern to the administrator, owner, or regulator as warranted",Child,Workforce Readiness,,,Source: JobStudy_RN_ALF_FINAL.docx | Date of Review: May 2026
WR RN_ALF,US,residential care facility for the elderly,Registered Nurse (RN),Assisted Living Facility,"Clinical, Medication Dispensing",,,Other Training Reference,Competency,Job Study — Registered Nurse (RN) × Assisted Living Facility (FINAL),Domain 4: Delegation and Supervision of Licensed and Unlicensed Staff,Parent,Workforce Readiness,,,Source: JobStudy_RN_ALF_FINAL.docx | Date of Review: May 2026
WR RN_ALF,US,residential care facility for the elderly,Registered Nurse (RN),Assisted Living Facility,"Clinical, Medication Dispensing",,,Other Training Reference,Competency,Job Study — Registered Nurse (RN) × Assisted Living Facility (FINAL),"Knowledge: Applies the NCSBN Five Rights of Delegation (right task, right circumstance, right person, right direction/communication, right supervision/evaluation) as the framework for all RN delegation decisions in the ALF setting",Child,Workforce Readiness,,,Source: JobStudy_RN_ALF_FINAL.docx | Date of Review: May 2026
WR RN_ALF,US,residential care facility for the elderly,Registered Nurse (RN),Assisted Living Facility,"Clinical, Medication Dispensing",,,Other Training Reference,Competency,Job Study — Registered Nurse (RN) × Assisted Living Facility (FINAL),"Knowledge: Identifies state-specific rules on RN delegation authority to LVNs, medication aides, and UAP - including which tasks are delegable, which require a standardized procedure or facility-specific protocol, and which are non-delegable under any circumstance",Child,Workforce Readiness,,,Source: JobStudy_RN_ALF_FINAL.docx | Date of Review: May 2026
WR RN_ALF,US,residential care facility for the elderly,Registered Nurse (RN),Assisted Living Facility,"Clinical, Medication Dispensing",,,Other Training Reference,Competency,Job Study — Registered Nurse (RN) × Assisted Living Facility (FINAL),"Skill: Validates and documents the competency of LVNs, medication aides, and UAP prior to delegation, communicates task-specific parameters and reporting expectations, and conducts ongoing supervision and evaluation of delegated care",Child,Workforce Readiness,,,Source: JobStudy_RN_ALF_FINAL.docx | Date of Review: May 2026
WR RN_ALF,US,residential care facility for the elderly,Registered Nurse (RN),Assisted Living Facility,"Clinical, Medication Dispensing",,,Other Training Reference,Competency,Job Study — Registered Nurse (RN) × Assisted Living Facility (FINAL),"Skill: Investigates delegation failures - including medication errors, missed assessments, and incident reports - identifies whether the failure is task-mismatch, training, supervision, or system in origin, and implements corrective action",Child,Workforce Readiness,,,Source: JobStudy_RN_ALF_FINAL.docx | Date of Review: May 2026
WR RN_ALF,US,residential care facility for the elderly,Registered Nurse (RN),Assisted Living Facility,"Clinical, Medication Dispensing",,,Other Training Reference,Competency,Job Study — Registered Nurse (RN) × Assisted Living Facility (FINAL),"Ability: Recognizes when retaining a task (rather than delegating it) is the clinically and legally defensible choice given resident instability, staff capability, or facility policy, and re-assumes care without disruption",Child,Workforce Readiness,,,Source: JobStudy_RN_ALF_FINAL.docx | Date of Review: May 2026
WR RN_ALF,US,residential care facility for the elderly,Registered Nurse (RN),Assisted Living Facility,"Clinical, Medication Dispensing",,,Other Training Reference,Competency,Job Study — Registered Nurse (RN) × Assisted Living Facility (FINAL),Domain 5: Comprehensive Assessment and Service Plan Development,Parent,Workforce Readiness,,,Source: JobStudy_RN_ALF_FINAL.docx | Date of Review: May 2026
WR RN_ALF,US,residential care facility for the elderly,Registered Nurse (RN),Assisted Living Facility,"Clinical, Medication Dispensing",,,Other Training Reference,Competency,Job Study — Registered Nurse (RN) × Assisted Living Facility (FINAL),"Knowledge: Describes the components of the ALF admission, periodic, and change-in-condition assessment, typically including functional status, cognition, behavior, medication regimen, fall and skin risk, advance directives, and psychosocial factors",Child,Workforce Readiness,,,Source: JobStudy_RN_ALF_FINAL.docx | Date of Review: May 2026
WR RN_ALF,US,residential care facility for the elderly,Registered Nurse (RN),Assisted Living Facility,"Clinical, Medication Dispensing",,,Other Training Reference,Competency,Job Study — Registered Nurse (RN) × Assisted Living Facility (FINAL),"Knowledge: Identifies the elements of a defensible service plan or care plan in the ALF setting, including measurable goals, individualized interventions, responsible parties, review intervals, and resident and surrogate involvement in plan development",Child,Workforce Readiness,,,Source: JobStudy_RN_ALF_FINAL.docx | Date of Review: May 2026
WR RN_ALF,US,residential care facility for the elderly,Registered Nurse (RN),Assisted Living Facility,"Clinical, Medication Dispensing",,,Other Training Reference,Competency,Job Study — Registered Nurse (RN) × Assisted Living Facility (FINAL),"Skill: Conducts comprehensive RN-led assessments and translates assessment findings into an individualized, person-centered service plan that aligns with the resident's stated preferences and the facility's licensure category",Child,Workforce Readiness,,,Source: JobStudy_RN_ALF_FINAL.docx | Date of Review: May 2026
WR RN_ALF,US,residential care facility for the elderly,Registered Nurse (RN),Assisted Living Facility,"Clinical, Medication Dispensing",,,Other Training Reference,Competency,Job Study — Registered Nurse (RN) × Assisted Living Facility (FINAL),"Skill: Updates the service plan in response to change-in-condition events, periodic reassessment findings, and care conferences, and ensures plan changes are communicated and operationalized across the care team",Child,Workforce Readiness,,,Source: JobStudy_RN_ALF_FINAL.docx | Date of Review: May 2026
WR RN_ALF,US,residential care facility for the elderly,Registered Nurse (RN),Assisted Living Facility,"Clinical, Medication Dispensing",,,Other Training Reference,Competency,Job Study — Registered Nurse (RN) × Assisted Living Facility (FINAL),"Ability: Determines when a resident’s assessed needs exceed the facility’s licensure category or staffing capacity - a judgment that is especially complex in ALFs operating aging-in-place models while balancing increasing resident acuity, staffing limitations, state licensure restrictions, family expectations, and risk-management considerations and initiates the discharge planning, level-of-care transition, or admission denial process consistent with state ALF rules and resident rights protections",Child,Workforce Readiness,,,Source: JobStudy_RN_ALF_FINAL.docx | Date of Review: May 2026
WR RN_ALF,US,residential care facility for the elderly,Registered Nurse (RN),Assisted Living Facility,"Clinical, Medication Dispensing",,,Other Training Reference,Competency,Job Study — Registered Nurse (RN) × Assisted Living Facility (FINAL),Domain 6: Medication Regimen Review and Oversight,Parent,Workforce Readiness,,,Source: JobStudy_RN_ALF_FINAL.docx | Date of Review: May 2026
WR RN_ALF,US,residential care facility for the elderly,Registered Nurse (RN),Assisted Living Facility,"Clinical, Medication Dispensing",,,Other Training Reference,Competency,Job Study — Registered Nurse (RN) × Assisted Living Facility (FINAL),"Knowledge: Distinguishes among medication administration (typically performed by licensed nurses), medication assistance with self-administration (a separate state-credentialed role in most ALF jurisdictions), and RN-level medication regimen review, reconciliation, and oversight responsibilities",Child,Workforce Readiness,,,Source: JobStudy_RN_ALF_FINAL.docx | Date of Review: May 2026
WR RN_ALF,US,residential care facility for the elderly,Registered Nurse (RN),Assisted Living Facility,"Clinical, Medication Dispensing",,,Other Training Reference,Competency,Job Study — Registered Nurse (RN) × Assisted Living Facility (FINAL),"Knowledge: Identifies high-risk medication categories common in the ALF population - anticoagulants, antipsychotics, opioids, insulin, antihypertensives, anticholinergics, and benzodiazepines - and the resident-level monitoring, documentation, and dose-adjustment communication required for each",Child,Workforce Readiness,,,Source: JobStudy_RN_ALF_FINAL.docx | Date of Review: May 2026
WR RN_ALF,US,residential care facility for the elderly,Registered Nurse (RN),Assisted Living Facility,"Clinical, Medication Dispensing",,,Other Training Reference,Competency,Job Study — Registered Nurse (RN) × Assisted Living Facility (FINAL),"Skill: Performs or supervises medication regimen review on admission and at regulatory or facility-defined intervals, including pharmacist consultation, identification of duplicative or interacting therapies, deprescribing opportunities, and PRN appropriateness",Child,Workforce Readiness,,,Source: JobStudy_RN_ALF_FINAL.docx | Date of Review: May 2026
WR RN_ALF,US,residential care facility for the elderly,Registered Nurse (RN),Assisted Living Facility,"Clinical, Medication Dispensing",,,Other Training Reference,Competency,Job Study — Registered Nurse (RN) × Assisted Living Facility (FINAL),"Skill: Provides structured oversight of medication-administering LVNs and medication-assisting aides, including medication administration record audits, observation of technique, controlled substance accountability, and investigation of administration errors and near-misses",Child,Workforce Readiness,,,Source: JobStudy_RN_ALF_FINAL.docx | Date of Review: May 2026
WR RN_ALF,US,residential care facility for the elderly,Registered Nurse (RN),Assisted Living Facility,"Clinical, Medication Dispensing",,,Other Training Reference,Competency,Job Study — Registered Nurse (RN) × Assisted Living Facility (FINAL),"Ability: Identifies and addresses unjustified or off-label antipsychotic and psychotropic use patterns, including consent verification, indication review, and gradual dose reduction conversations with the prescriber and the resident or surrogate",Child,Workforce Readiness,,,Source: JobStudy_RN_ALF_FINAL.docx | Date of Review: May 2026
WR RN_ALF,US,residential care facility for the elderly,Registered Nurse (RN),Assisted Living Facility,"Clinical, Medication Dispensing",,,Other Training Reference,Competency,Job Study — Registered Nurse (RN) × Assisted Living Facility (FINAL),Domain 7: Dementia Care and Behavioral Symptom Management,Parent,Workforce Readiness,,,Source: JobStudy_RN_ALF_FINAL.docx | Date of Review: May 2026
WR RN_ALF,US,residential care facility for the elderly,Registered Nurse (RN),Assisted Living Facility,"Clinical, Medication Dispensing",,,Other Training Reference,Competency,Job Study — Registered Nurse (RN) × Assisted Living Facility (FINAL),"Knowledge: Describes the stages and behavioral manifestations of Alzheimer's disease and related dementias (ADRD), and differentiates baseline dementia behavior from acute changes that may signal delirium, infection, pain, medication adverse effect, or other medical decompensation",Child,Workforce Readiness,,,Source: JobStudy_RN_ALF_FINAL.docx | Date of Review: May 2026
WR RN_ALF,US,residential care facility for the elderly,Registered Nurse (RN),Assisted Living Facility,"Clinical, Medication Dispensing",,,Other Training Reference,Competency,Job Study — Registered Nurse (RN) × Assisted Living Facility (FINAL),"Knowledge: Identifies evidence-based triggers and contributors to behavioral and psychological symptoms of dementia (BPSD), including unmet needs, pain, environmental stimuli, infection, polypharmacy, and disrupted routines, and the rationale for non-pharmacologic first-line interventions",Child,Workforce Readiness,,,Source: JobStudy_RN_ALF_FINAL.docx | Date of Review: May 2026
WR RN_ALF,US,residential care facility for the elderly,Registered Nurse (RN),Assisted Living Facility,"Clinical, Medication Dispensing",,,Other Training Reference,Competency,Job Study — Registered Nurse (RN) × Assisted Living Facility (FINAL),"Skill: Designs and oversees individualized non-pharmacologic behavioral care plans, validates staff use of person-centered communication and de-escalation techniques, and integrates dementia-specific environmental modifications into the care plan",Child,Workforce Readiness,,,Source: JobStudy_RN_ALF_FINAL.docx | Date of Review: May 2026
WR RN_ALF,US,residential care facility for the elderly,Registered Nurse (RN),Assisted Living Facility,"Clinical, Medication Dispensing",,,Other Training Reference,Competency,Job Study — Registered Nurse (RN) × Assisted Living Facility (FINAL),"Skill: Monitors residents on antipsychotic and psychotropic medications for appropriate indication, informed consent, efficacy, and adverse effects, and leads prescriber communication for gradual dose reduction or discontinuation when clinically appropriate",Child,Workforce Readiness,,,Source: JobStudy_RN_ALF_FINAL.docx | Date of Review: May 2026
WR RN_ALF,US,residential care facility for the elderly,Registered Nurse (RN),Assisted Living Facility,"Clinical, Medication Dispensing",,,Other Training Reference,Competency,Job Study — Registered Nurse (RN) × Assisted Living Facility (FINAL),"Ability: Recognizes when behavioral escalation exceeds the facility's care capacity, licensure category, or staff capability, and initiates the appropriate clinical response - up to and including provider consultation, behavioral health referral, or transfer to a higher level of care",Child,Workforce Readiness,,,Source: JobStudy_RN_ALF_FINAL.docx | Date of Review: May 2026
WR RN_ALF,US,residential care facility for the elderly,Registered Nurse (RN),Assisted Living Facility,"Clinical, Medication Dispensing",,,Other Training Reference,Competency,Job Study — Registered Nurse (RN) × Assisted Living Facility (FINAL),"Domain 8: Change in Condition Recognition, Triage, and Escalation",Parent,Workforce Readiness,,,Source: JobStudy_RN_ALF_FINAL.docx | Date of Review: May 2026
WR RN_ALF,US,residential care facility for the elderly,Registered Nurse (RN),Assisted Living Facility,"Clinical, Medication Dispensing",,,Other Training Reference,Competency,Job Study — Registered Nurse (RN) × Assisted Living Facility (FINAL),"Knowledge: Identifies signs of acute change in condition that require urgent RN evaluation, such as altered mental status, respiratory distress, suspected cardiovascular or neurologic event, sepsis indicators, uncontrolled pain, falls with injury, and acute functional decline, and the differential considerations for each",Child,Workforce Readiness,,,Source: JobStudy_RN_ALF_FINAL.docx | Date of Review: May 2026
WR RN_ALF,US,residential care facility for the elderly,Registered Nurse (RN),Assisted Living Facility,"Clinical, Medication Dispensing",,,Other Training Reference,Competency,Job Study — Registered Nurse (RN) × Assisted Living Facility (FINAL),"Knowledge: Describes structured assessment and communication frameworks used in the ALF setting, including SBAR and the INTERACT toolkit (Stop and Watch, Change in Condition, Care Paths, Acute Care Transfer documentation; note: INTERACT may not always be formally implemented by name in all ALFs, but its concepts closely align with existing ALF workflows for change-in-condition recognition, escalation communication, hospital transfer reduction, SBAR reporting, and documentation standardization)",Child,Workforce Readiness,,,Source: JobStudy_RN_ALF_FINAL.docx | Date of Review: May 2026
WR RN_ALF,US,residential care facility for the elderly,Registered Nurse (RN),Assisted Living Facility,"Clinical, Medication Dispensing",,,Other Training Reference,Competency,Job Study — Registered Nurse (RN) × Assisted Living Facility (FINAL),"Skill: Performs RN-led focused assessment, synthesizes LVN and direct care staff observations, and formulates a complete clinical communication to the provider, on-call coverage, emergency services, or receiving facility",Child,Workforce Readiness,,,Source: JobStudy_RN_ALF_FINAL.docx | Date of Review: May 2026
WR RN_ALF,US,residential care facility for the elderly,Registered Nurse (RN),Assisted Living Facility,"Clinical, Medication Dispensing",,,Other Training Reference,Competency,Job Study — Registered Nurse (RN) × Assisted Living Facility (FINAL),"Skill: Documents change-in-condition events, assessments, interventions, communications, and disposition decisions accurately and in real time to support continuity of care, regulatory defensibility, and post-event review",Child,Workforce Readiness,,,Source: JobStudy_RN_ALF_FINAL.docx | Date of Review: May 2026
WR RN_ALF,US,residential care facility for the elderly,Registered Nurse (RN),Assisted Living Facility,"Clinical, Medication Dispensing",,,Other Training Reference,Competency,Job Study — Registered Nurse (RN) × Assisted Living Facility (FINAL),"Ability: Discriminates between conditions manageable in the ALF and those requiring hospital transfer, advocates for the resident's goals of care during transfer decisions, and uses INTERACT or comparable tools to support appropriate hospitalization avoidance where consistent with resident wishes",Child,Workforce Readiness,,,Source: JobStudy_RN_ALF_FINAL.docx | Date of Review: May 2026
WR RN_ALF,US,residential care facility for the elderly,Registered Nurse (RN),Assisted Living Facility,"Clinical, Medication Dispensing",,,Other Training Reference,Competency,Job Study — Registered Nurse (RN) × Assisted Living Facility (FINAL),"Domain 9: Falls, Skin Integrity, Infection Prevention, and Population-Level Surveillance",Parent,Workforce Readiness,,,Source: JobStudy_RN_ALF_FINAL.docx | Date of Review: May 2026
WR RN_ALF,US,residential care facility for the elderly,Registered Nurse (RN),Assisted Living Facility,"Clinical, Medication Dispensing",,,Other Training Reference,Competency,Job Study — Registered Nurse (RN) × Assisted Living Facility (FINAL),"Knowledge: Identifies ALF-specific fall and pressure injury risk factors, including the comparative lack of continuous clinical supervision, greater resident mobility, polypharmacy, sensory impairment, and cognitive impairment, and the RN's role in mitigating each at the resident and facility level",Child,Workforce Readiness,,,Source: JobStudy_RN_ALF_FINAL.docx | Date of Review: May 2026
WR RN_ALF,US,residential care facility for the elderly,Registered Nurse (RN),Assisted Living Facility,"Clinical, Medication Dispensing",,,Other Training Reference,Competency,Job Study — Registered Nurse (RN) × Assisted Living Facility (FINAL),"Knowledge: Describes the elements of an infection prevention and control program appropriate to the ALF setting, including hand hygiene, standard and transmission-based precautions, outbreak recognition and reporting, vaccination program oversight, and coordination with local and state public health",Child,Workforce Readiness,,,Source: JobStudy_RN_ALF_FINAL.docx | Date of Review: May 2026
WR RN_ALF,US,residential care facility for the elderly,Registered Nurse (RN),Assisted Living Facility,"Clinical, Medication Dispensing",,,Other Training Reference,Competency,Job Study — Registered Nurse (RN) × Assisted Living Facility (FINAL),"Skill: Leads RN-level fall, skin, and infection surveillance and review, including post-fall and post-injury investigation, Braden and fall risk assessment, root-cause analysis, and individualized care plan revision",Child,Workforce Readiness,,,Source: JobStudy_RN_ALF_FINAL.docx | Date of Review: May 2026
WR RN_ALF,US,residential care facility for the elderly,Registered Nurse (RN),Assisted Living Facility,"Clinical, Medication Dispensing",,,Other Training Reference,Competency,Job Study — Registered Nurse (RN) × Assisted Living Facility (FINAL),"Skill: Implements environmental and program-level safety measures consistent with the residential model - including bed and chair alarms where permitted, mobility supports, hazard remediation, antibiotic stewardship coordination, and respiratory illness response - while preserving resident autonomy and the homelike character of the ALF",Child,Workforce Readiness,,,Source: JobStudy_RN_ALF_FINAL.docx | Date of Review: May 2026
WR RN_ALF,US,residential care facility for the elderly,Registered Nurse (RN),Assisted Living Facility,"Clinical, Medication Dispensing",,,Other Training Reference,Competency,Job Study — Registered Nurse (RN) × Assisted Living Facility (FINAL),"Ability: Integrates surveillance findings across the resident population to identify trends (e.g., clustered falls, pressure injury patterns, infection outbreaks, near-miss medication events) and translates the findings into facility-level interventions through the QAPI process",Child,Workforce Readiness,,,Source: JobStudy_RN_ALF_FINAL.docx | Date of Review: May 2026
WR RN_ALF,US,residential care facility for the elderly,Registered Nurse (RN),Assisted Living Facility,"Clinical, Medication Dispensing",,,Other Training Reference,Competency,Job Study — Registered Nurse (RN) × Assisted Living Facility (FINAL),"Domain 10: QAPI, Staff Competency, Documentation, and Regulatory Defensibility",Parent,Workforce Readiness,,,Source: JobStudy_RN_ALF_FINAL.docx | Date of Review: May 2026
WR RN_ALF,US,residential care facility for the elderly,Registered Nurse (RN),Assisted Living Facility,"Clinical, Medication Dispensing",,,Other Training Reference,Competency,Job Study — Registered Nurse (RN) × Assisted Living Facility (FINAL),"Knowledge: Describes the elements of a Quality Assurance and Performance Improvement program appropriate to the ALF setting, including data collection, performance improvement projects, root-cause analysis, and the RN's role on the QAPI committee",Child,Workforce Readiness,,,Source: JobStudy_RN_ALF_FINAL.docx | Date of Review: May 2026
WR RN_ALF,US,residential care facility for the elderly,Registered Nurse (RN),Assisted Living Facility,"Clinical, Medication Dispensing",,,Other Training Reference,Competency,Job Study — Registered Nurse (RN) × Assisted Living Facility (FINAL),"Knowledge: Identifies the regulatory and accreditation expectations for RN-led documentation in ALFs, including assessment notes, care plan revisions, change-in-condition documentation, incident reports, medication regimen review, and staff competency records, and how each supports survey defensibility",Child,Workforce Readiness,,,Source: JobStudy_RN_ALF_FINAL.docx | Date of Review: May 2026
WR RN_ALF,US,residential care facility for the elderly,Registered Nurse (RN),Assisted Living Facility,"Clinical, Medication Dispensing",,,Other Training Reference,Competency,Job Study — Registered Nurse (RN) × Assisted Living Facility (FINAL),"Skill: Designs, validates, and documents staff competency for LVNs, medication aides, and direct care staff, including initial competency verification, annual reassessment, and corrective competency follow-up after errors or incidents",Child,Workforce Readiness,,,Source: JobStudy_RN_ALF_FINAL.docx | Date of Review: May 2026
WR RN_ALF,US,residential care facility for the elderly,Registered Nurse (RN),Assisted Living Facility,"Clinical, Medication Dispensing",,,Other Training Reference,Competency,Job Study — Registered Nurse (RN) × Assisted Living Facility (FINAL),"Skill: Produces objective, timely, and legally defensible RN documentation that demonstrates the full nursing process and supports clinical, regulatory, and risk-management review",Child,Workforce Readiness,,,Source: JobStudy_RN_ALF_FINAL.docx | Date of Review: May 2026
WR RN_ALF,US,residential care facility for the elderly,Registered Nurse (RN),Assisted Living Facility,"Clinical, Medication Dispensing",,,Other Training Reference,Competency,Job Study — Registered Nurse (RN) × Assisted Living Facility (FINAL),"Ability: Recognizes systemic gaps in care quality, documentation, or regulatory posture; this includes ALF survey focus areas such as evacuation capability, falls and fall prevention, elopement risk, medication management, staffing competency, change-in-condition response, appropriateness of resident retention, documentation timeliness, and corrective action plan implementation; leads the corrective response through facility QAPI, policy revision, and staff retraining rather than facilitiating recurring workarounds",Child,Workforce Readiness,,,Source: JobStudy_RN_ALF_FINAL.docx | Date of Review: May 2026
WR RN_ALF,US,residential care facility for the elderly,Registered Nurse (RN),Assisted Living Facility,"Clinical, Medication Dispensing",,,Other Training Reference,Competency,Job Study — Registered Nurse (RN) × Assisted Living Facility (FINAL),Domain 11: End-of-Life and Comfort Care Coordination,Parent,Workforce Readiness,,,Source: JobStudy_RN_ALF_FINAL.docx | Date of Review: May 2026
WR RN_ALF,US,residential care facility for the elderly,Registered Nurse (RN),Assisted Living Facility,"Clinical, Medication Dispensing",,,Other Training Reference,Competency,Job Study — Registered Nurse (RN) × Assisted Living Facility (FINAL),"Knowledge: Describes the RN's role in supporting residents receiving hospice or palliative care within the ALF, including coordination with the hospice agency as the primary clinical authority for the dying resident and the boundaries between hospice-directed and ALF-staff-delivered care",Child,Workforce Readiness,,,Source: JobStudy_RN_ALF_FINAL.docx | Date of Review: May 2026
WR RN_ALF,US,residential care facility for the elderly,Registered Nurse (RN),Assisted Living Facility,"Clinical, Medication Dispensing",,,Other Training Reference,Competency,Job Study — Registered Nurse (RN) × Assisted Living Facility (FINAL),"Knowledge: Identifies physical signs of active dying and understands how goals of care shift clinical decision-making toward comfort, including the documentation and verification of advance directives, code status, and resident-specific symptom management plans",Child,Workforce Readiness,,,Source: JobStudy_RN_ALF_FINAL.docx | Date of Review: May 2026
WR RN_ALF,US,residential care facility for the elderly,Registered Nurse (RN),Assisted Living Facility,"Clinical, Medication Dispensing",,,Other Training Reference,Competency,Job Study — Registered Nurse (RN) × Assisted Living Facility (FINAL),"Skill: Leads comfort-focused nursing care - pain and symptom assessment, positioning, oral care, bowel and bladder management, and psychosocial support - and directs LVNs, medication aides, and direct care staff consistently within the resident's plan and the hospice agency's orders",Child,Workforce Readiness,,,Source: JobStudy_RN_ALF_FINAL.docx | Date of Review: May 2026
WR RN_ALF,US,residential care facility for the elderly,Registered Nurse (RN),Assisted Living Facility,"Clinical, Medication Dispensing",,,Other Training Reference,Competency,Job Study — Registered Nurse (RN) × Assisted Living Facility (FINAL),"Skill: Communicates with empathy and appropriate clinical framing with family members during the dying process and after death, including post-mortem care, notification workflows, vital records and disposition coordination, and bereavement support",Child,Workforce Readiness,,,Source: JobStudy_RN_ALF_FINAL.docx | Date of Review: May 2026
WR RN_ALF,US,residential care facility for the elderly,Registered Nurse (RN),Assisted Living Facility,"Clinical, Medication Dispensing",,,Other Training Reference,Competency,Job Study — Registered Nurse (RN) × Assisted Living Facility (FINAL),"Ability: Manages own emotional responses to resident death, supports peer staff through grief, models healthy coping for LVNs and direct care staff, and accesses or develops facility and community grief-support resources as part of staff retention and wellbeing",Child,Workforce Readiness,,,Source: JobStudy_RN_ALF_FINAL.docx | Date of Review: May 2026
WR HHA_HH,US,home health agency,Home Health Aide (HHA),Home Health,"Clinical, Non-Medication Dispensing",,,Other Training Reference,Competency,Job Study — Home Health Aide (HHA) × Home Health (FINAL),Domain 1: Regulatory & Care Setting Orientation,Parent,Workforce Readiness,,,Source: JobStudy_HHA_HH_FINAL.docx | Date of Review: May 2026
WR HHA_HH,US,home health agency,Home Health Aide (HHA),Home Health,"Clinical, Non-Medication Dispensing",,,Other Training Reference,Competency,Job Study — Home Health Aide (HHA) × Home Health (FINAL),"Knowledge: Understands that HHA training, competency evaluation, and scope of service are governed federally by 42 CFR 484.80 within the CMS Home Health Conditions of Participation, and that state-level requirements (additional training hours, state certification or registration, background checks, continuing education) overlay the federal floor",Child,Workforce Readiness,,,Source: JobStudy_HHA_HH_FINAL.docx | Date of Review: May 2026
WR HHA_HH,US,home health agency,Home Health Aide (HHA),Home Health,"Clinical, Non-Medication Dispensing",,,Other Training Reference,Competency,Job Study — Home Health Aide (HHA) × Home Health (FINAL),"Knowledge: Identifies the federal supervision structure under 42 CFR 484.80(d)–(g): written patient care instructions prepared by the RN or therapist define the HHA’s authorized tasks for each patient, and the RN or appropriate skilled professional must conduct on-site supervisory visits on a set cadence",Child,Workforce Readiness,,,Source: JobStudy_HHA_HH_FINAL.docx | Date of Review: May 2026
WR HHA_HH,US,home health agency,Home Health Aide (HHA),Home Health,"Clinical, Non-Medication Dispensing",,,Other Training Reference,Competency,Job Study — Home Health Aide (HHA) × Home Health (FINAL),"Knowledge: Describes how the Medicare home health benefit structure (homebound status, skilled need, physician-ordered plan of care) defines the context within which HHA services are authorized, and recognizes that HHA services alone do not qualify a patient for the home health benefit",Child,Workforce Readiness,,,Source: JobStudy_HHA_HH_FINAL.docx | Date of Review: May 2026
WR HHA_HH,US,home health agency,Home Health Aide (HHA),Home Health,"Clinical, Non-Medication Dispensing",,,Other Training Reference,Competency,Job Study — Home Health Aide (HHA) × Home Health (FINAL),"Skill: Applies agency-specific policies and procedures that simultaneously comply with the federal CoPs, state HHA requirements, and the written patient care instructions for each individual patient",Child,Workforce Readiness,,,Source: JobStudy_HHA_HH_FINAL.docx | Date of Review: May 2026
WR HHA_HH,US,home health agency,Home Health Aide (HHA),Home Health,"Clinical, Non-Medication Dispensing",,,Other Training Reference,Competency,Job Study — Home Health Aide (HHA) × Home Health (FINAL),"Ability: Differentiates between tasks within vs. outside HHA scope and escalates to the supervising nurse when a requested or observed task falls outside the written patient care instructions, agency policy, or applicable state rules",Child,Workforce Readiness,,,Source: JobStudy_HHA_HH_FINAL.docx | Date of Review: May 2026
WR HHA_HH,US,home health agency,Home Health Aide (HHA),Home Health,"Clinical, Non-Medication Dispensing",,,Other Training Reference,Competency,Job Study — Home Health Aide (HHA) × Home Health (FINAL),"Domain 2: Patient Rights, Dignity, and Cultural Responsiveness",Parent,Workforce Readiness,,,Source: JobStudy_HHA_HH_FINAL.docx | Date of Review: May 2026
WR HHA_HH,US,home health agency,Home Health Aide (HHA),Home Health,"Clinical, Non-Medication Dispensing",,,Other Training Reference,Competency,Job Study — Home Health Aide (HHA) × Home Health (FINAL),"Knowledge: Articulates patient rights specific to the home health model, including the right to be informed of care, participate in planning, refuse services, voice grievances, and be treated with dignity",Child,Workforce Readiness,,,Source: JobStudy_HHA_HH_FINAL.docx | Date of Review: May 2026
WR HHA_HH,US,home health agency,Home Health Aide (HHA),Home Health,"Clinical, Non-Medication Dispensing",,,Other Training Reference,Competency,Job Study — Home Health Aide (HHA) × Home Health (FINAL),"Knowledge: Understands that the patient’s home is a private residence where the HHA is a guest, with implications for entry protocols, handling of personal property, respect for household routines, cultural and religious practices, and the limits of the HHA’s authority over the environment",Child,Workforce Readiness,,,Source: JobStudy_HHA_HH_FINAL.docx | Date of Review: May 2026
WR HHA_HH,US,home health agency,Home Health Aide (HHA),Home Health,"Clinical, Non-Medication Dispensing",,,Other Training Reference,Competency,Job Study — Home Health Aide (HHA) × Home Health (FINAL),"Skill: Delivers personal care that incorporates patient preferences, cultural values, modesty needs, and caregiver input without compromising safety or the written patient care instructions",Child,Workforce Readiness,,,Source: JobStudy_HHA_HH_FINAL.docx | Date of Review: May 2026
WR HHA_HH,US,home health agency,Home Health Aide (HHA),Home Health,"Clinical, Non-Medication Dispensing",,,Other Training Reference,Competency,Job Study — Home Health Aide (HHA) × Home Health (FINAL),"Skill: Recognizes and reports potential patient rights violations, including suspected abuse, neglect, exploitation, or self-neglect, through agency and state-mandated reporting channels",Child,Workforce Readiness,,,Source: JobStudy_HHA_HH_FINAL.docx | Date of Review: May 2026
WR HHA_HH,US,home health agency,Home Health Aide (HHA),Home Health,"Clinical, Non-Medication Dispensing",,,Other Training Reference,Competency,Job Study — Home Health Aide (HHA) × Home Health (FINAL),"Ability: Navigates complex household dynamics, such as family conflict, caregiver stress, cultural differences, and patient refusal of care, with professionalism and appropriate boundary-setting, escalating to the supervising nurse when situations exceed HHA scope",Child,Workforce Readiness,,,Source: JobStudy_HHA_HH_FINAL.docx | Date of Review: May 2026
WR HHA_HH,US,home health agency,Home Health Aide (HHA),Home Health,"Clinical, Non-Medication Dispensing",,,Other Training Reference,Competency,Job Study — Home Health Aide (HHA) × Home Health (FINAL),Domain 3: Personal Care and Activities of Daily Living,Parent,Workforce Readiness,,,Source: JobStudy_HHA_HH_FINAL.docx | Date of Review: May 2026
WR HHA_HH,US,home health agency,Home Health Aide (HHA),Home Health,"Clinical, Non-Medication Dispensing",,,Other Training Reference,Competency,Job Study — Home Health Aide (HHA) × Home Health (FINAL),"Knowledge: Identifies the spectrum of ADL and personal care support the HHA provides in the home, such as bathing, dressing, grooming, oral care, toileting, feeding, transfer, and ambulation assistance, and understands how the written patient care instructions specify the type and level of assistance for each patient",Child,Workforce Readiness,,,Source: JobStudy_HHA_HH_FINAL.docx | Date of Review: May 2026
WR HHA_HH,US,home health agency,Home Health Aide (HHA),Home Health,"Clinical, Non-Medication Dispensing",,,Other Training Reference,Competency,Job Study — Home Health Aide (HHA) × Home Health (FINAL),"Knowledge: Describes principles of restorative and maintenance approaches to ADL support that preserve patient function and independence rather than substitute for it, consistent with the patient’s plan of care and rehabilitation goals",Child,Workforce Readiness,,,Source: JobStudy_HHA_HH_FINAL.docx | Date of Review: May 2026
WR HHA_HH,US,home health agency,Home Health Aide (HHA),Home Health,"Clinical, Non-Medication Dispensing",,,Other Training Reference,Competency,Job Study — Home Health Aide (HHA) × Home Health (FINAL),"Skill: Provides personal care using safe body mechanics, appropriate assistive devices (gait belts, transfer boards, mechanical lifts where available), and techniques adapted to the specific physical layout, equipment, and limitations of each patient’s home",Child,Workforce Readiness,,,Source: JobStudy_HHA_HH_FINAL.docx | Date of Review: May 2026
WR HHA_HH,US,home health agency,Home Health Aide (HHA),Home Health,"Clinical, Non-Medication Dispensing",,,Other Training Reference,Competency,Job Study — Home Health Aide (HHA) × Home Health (FINAL),"Skill: Adapts ADL care to patients with cognitive impairment, sensory deficits, pain, or mobility limitations, including cueing, simplified sequencing, and environmental modification, consistent with the patient care instructions and the patient’s preferences",Child,Workforce Readiness,,,Source: JobStudy_HHA_HH_FINAL.docx | Date of Review: May 2026
WR HHA_HH,US,home health agency,Home Health Aide (HHA),Home Health,"Clinical, Non-Medication Dispensing",,,Other Training Reference,Competency,Job Study — Home Health Aide (HHA) × Home Health (FINAL),"Ability: Recognizes when a previously stable ADL pattern is declining or when new functional limitations emerge, and reports the change to the supervising nurse so that the plan of care and patient care instructions can be updated",Child,Workforce Readiness,,,Source: JobStudy_HHA_HH_FINAL.docx | Date of Review: May 2026
WR HHA_HH,US,home health agency,Home Health Aide (HHA),Home Health,"Clinical, Non-Medication Dispensing",,,Other Training Reference,Competency,Job Study — Home Health Aide (HHA) × Home Health (FINAL),"Domain 4: Observation, Reporting, and Change-in-Condition Recognition",Parent,Workforce Readiness,,,Source: JobStudy_HHA_HH_FINAL.docx | Date of Review: May 2026
WR HHA_HH,US,home health agency,Home Health Aide (HHA),Home Health,"Clinical, Non-Medication Dispensing",,,Other Training Reference,Competency,Job Study — Home Health Aide (HHA) × Home Health (FINAL),"Knowledge: Identifies the vital signs and health-related observations the HHA is trained and authorized to perform, such as temperature, pulse, respiration, weight, intake and output, and skin condition, and understands how these data points fit into the clinical team’s monitoring of the patient",Child,Workforce Readiness,,,Source: JobStudy_HHA_HH_FINAL.docx | Date of Review: May 2026
WR HHA_HH,US,home health agency,Home Health Aide (HHA),Home Health,"Clinical, Non-Medication Dispensing",,,Other Training Reference,Competency,Job Study — Home Health Aide (HHA) × Home Health (FINAL),"Knowledge: Describes signs of acute change in condition that require immediate reporting to the supervising nurse: altered mental status, respiratory distress, chest pain, new or worsening pain, falls, skin breakdown, signs of infection, bleeding, and acute behavioral changes",Child,Workforce Readiness,,,Source: JobStudy_HHA_HH_FINAL.docx | Date of Review: May 2026
WR HHA_HH,US,home health agency,Home Health Aide (HHA),Home Health,"Clinical, Non-Medication Dispensing",,,Other Training Reference,Competency,Job Study — Home Health Aide (HHA) × Home Health (FINAL),"Skill: Performs accurate vital signs and focused observations within HHA scope, compares findings against the patient’s established baseline, and communicates a clear, factual report to the supervising nurse using structured language (what was observed, when, what was different from baseline)",Child,Workforce Readiness,,,Source: JobStudy_HHA_HH_FINAL.docx | Date of Review: May 2026
WR HHA_HH,US,home health agency,Home Health Aide (HHA),Home Health,"Clinical, Non-Medication Dispensing",,,Other Training Reference,Competency,Job Study — Home Health Aide (HHA) × Home Health (FINAL),"Skill: Documents observations, care provided, and patient responses in real time using the agency’s documentation system, producing objective that avoid diagnostic or interpretive language beyond HHA scope",Child,Workforce Readiness,,,Source: JobStudy_HHA_HH_FINAL.docx | Date of Review: May 2026
WR HHA_HH,US,home health agency,Home Health Aide (HHA),Home Health,"Clinical, Non-Medication Dispensing",,,Other Training Reference,Competency,Job Study — Home Health Aide (HHA) × Home Health (FINAL),"Ability: Distinguishes between observations the HHA can manage within the visit (comfort measures, repositioning, hydration encouragement) and those that require immediate nurse notification or, in emergencies, activation of 911",Child,Workforce Readiness,,,Source: JobStudy_HHA_HH_FINAL.docx | Date of Review: May 2026
WR HHA_HH,US,home health agency,Home Health Aide (HHA),Home Health,"Clinical, Non-Medication Dispensing",,,Other Training Reference,Competency,Job Study — Home Health Aide (HHA) × Home Health (FINAL),Domain 5: Infection Prevention and Control in the Home,Parent,Workforce Readiness,,,Source: JobStudy_HHA_HH_FINAL.docx | Date of Review: May 2026
WR HHA_HH,US,home health agency,Home Health Aide (HHA),Home Health,"Clinical, Non-Medication Dispensing",,,Other Training Reference,Competency,Job Study — Home Health Aide (HHA) × Home Health (FINAL),"Knowledge: Describes standard precautions and transmission-based precautions as adapted to the home environment, including hand hygiene in homes with limited water access, personal protective equipment use, and the rationale for each measure",Child,Workforce Readiness,,,Source: JobStudy_HHA_HH_FINAL.docx | Date of Review: May 2026
WR HHA_HH,US,home health agency,Home Health Aide (HHA),Home Health,"Clinical, Non-Medication Dispensing",,,Other Training Reference,Competency,Job Study — Home Health Aide (HHA) × Home Health (FINAL),"Knowledge: Identifies common infection risks in the home health population, such as urinary tract infections, respiratory infections, wound infections, MRSA, and C. difficile, and understands how the home environment creates unique transmission pathways",Child,Workforce Readiness,,,Source: JobStudy_HHA_HH_FINAL.docx | Date of Review: May 2026
WR HHA_HH,US,home health agency,Home Health Aide (HHA),Home Health,"Clinical, Non-Medication Dispensing",,,Other Training Reference,Competency,Job Study — Home Health Aide (HHA) × Home Health (FINAL),"Skill: Implements infection prevention measures during every visit: proper hand hygiene technique, safe handling and disposal of soiled materials, sharps safety, and environmental cleaning guidance for patients and caregivers",Child,Workforce Readiness,,,Source: JobStudy_HHA_HH_FINAL.docx | Date of Review: May 2026
WR HHA_HH,US,home health agency,Home Health Aide (HHA),Home Health,"Clinical, Non-Medication Dispensing",,,Other Training Reference,Competency,Job Study — Home Health Aide (HHA) × Home Health (FINAL),"Skill: Educates patients and caregivers on infection prevention practices appropriate to their home environment and condition, including hand hygiene, catheter care hygiene, wound dressing management, and respiratory etiquette",Child,Workforce Readiness,,,Source: JobStudy_HHA_HH_FINAL.docx | Date of Review: May 2026
WR HHA_HH,US,home health agency,Home Health Aide (HHA),Home Health,"Clinical, Non-Medication Dispensing",,,Other Training Reference,Competency,Job Study — Home Health Aide (HHA) × Home Health (FINAL),"Ability: Adapts infection control practices to variable home conditions (e.g., homes without running water, with pest infestations, or with multiple household members) without compromising patient or personal safety",Child,Workforce Readiness,,,Source: JobStudy_HHA_HH_FINAL.docx | Date of Review: May 2026
WR HHA_HH,US,home health agency,Home Health Aide (HHA),Home Health,"Clinical, Non-Medication Dispensing",,,Other Training Reference,Competency,Job Study — Home Health Aide (HHA) × Home Health (FINAL),"Domain 6: Safety, Falls Prevention, and Environmental Assessment",Parent,Workforce Readiness,,,Source: JobStudy_HHA_HH_FINAL.docx | Date of Review: May 2026
WR HHA_HH,US,home health agency,Home Health Aide (HHA),Home Health,"Clinical, Non-Medication Dispensing",,,Other Training Reference,Competency,Job Study — Home Health Aide (HHA) × Home Health (FINAL),"Knowledge: Identifies fall risk factors common in the home health population, such as polypharmacy, cognitive impairment, orthostatic hypotension, environmental hazards (e.g., throw rugs, poor lighting, cluttered pathways), and assistive device misuse, and the HHA’s role in mitigating each during visits",Child,Workforce Readiness,,,Source: JobStudy_HHA_HH_FINAL.docx | Date of Review: May 2026
WR HHA_HH,US,home health agency,Home Health Aide (HHA),Home Health,"Clinical, Non-Medication Dispensing",,,Other Training Reference,Competency,Job Study — Home Health Aide (HHA) × Home Health (FINAL),"Knowledge: Describes safe patient handling and transfer techniques for the home environment, including proper use of gait belts, slide boards, and mechanical lifts where available, and body mechanics principles for the HHA’s own injury prevention",Child,Workforce Readiness,,,Source: JobStudy_HHA_HH_FINAL.docx | Date of Review: May 2026
WR HHA_HH,US,home health agency,Home Health Aide (HHA),Home Health,"Clinical, Non-Medication Dispensing",,,Other Training Reference,Competency,Job Study — Home Health Aide (HHA) × Home Health (FINAL),"Skill: Conducts a practical environmental safety check at each visit, assessing lighting, floor surfaces, bathroom safety, stair hazards, and equipment placement, and documents concerns and communicates them to the supervising nurse",Child,Workforce Readiness,,,Source: JobStudy_HHA_HH_FINAL.docx | Date of Review: May 2026
WR HHA_HH,US,home health agency,Home Health Aide (HHA),Home Health,"Clinical, Non-Medication Dispensing",,,Other Training Reference,Competency,Job Study — Home Health Aide (HHA) × Home Health (FINAL),"Skill: Implements fall prevention measures consistent with the patient care instructions, including safe transfer protocols, mobility assistance techniques, and environmental modifications within the HHA’s scope (e.g., repositioning furniture, securing rugs, adjusting lighting)",Child,Workforce Readiness,,,Source: JobStudy_HHA_HH_FINAL.docx | Date of Review: May 2026
WR HHA_HH,US,home health agency,Home Health Aide (HHA),Home Health,"Clinical, Non-Medication Dispensing",,,Other Training Reference,Competency,Job Study — Home Health Aide (HHA) × Home Health (FINAL),"Ability: Recognizes pattern-level safety concerns, such as recurring near-falls, new environmental hazards, or caregiver fatigue affecting safe handling, and raises them proactively to the supervising nurse rather than waiting for an incident",Child,Workforce Readiness,,,Source: JobStudy_HHA_HH_FINAL.docx | Date of Review: May 2026
WR HHA_HH,US,home health agency,Home Health Aide (HHA),Home Health,"Clinical, Non-Medication Dispensing",,,Other Training Reference,Competency,Job Study — Home Health Aide (HHA) × Home Health (FINAL),Domain 7: Medication-Related Observations and Support,Parent,Workforce Readiness,,,Source: JobStudy_HHA_HH_FINAL.docx | Date of Review: May 2026
WR HHA_HH,US,home health agency,Home Health Aide (HHA),Home Health,"Clinical, Non-Medication Dispensing",,,Other Training Reference,Competency,Job Study — Home Health Aide (HHA) × Home Health (FINAL),"Knowledge: Describes the distinction between medication administration (reserved for licensed nurses), medication assistance or reminders (permissible in some states for trained aides), and medication-related observations (within HHA scope in all jurisdictions), including identifying which category applies in the HHA’s state of practice",Child,Workforce Readiness,,,Source: JobStudy_HHA_HH_FINAL.docx | Date of Review: May 2026
WR HHA_HH,US,home health agency,Home Health Aide (HHA),Home Health,"Clinical, Non-Medication Dispensing",,,Other Training Reference,Competency,Job Study — Home Health Aide (HHA) × Home Health (FINAL),"Knowledge: Identifies common medication-related observations the HHA should report: patient refusal of medications, missed doses, visible side effects (e.g., drowsiness, dizziness, nausea, rash, bleeding), confusion about medication instructions, and unsafe medication storage",Child,Workforce Readiness,,,Source: JobStudy_HHA_HH_FINAL.docx | Date of Review: May 2026
WR HHA_HH,US,home health agency,Home Health Aide (HHA),Home Health,"Clinical, Non-Medication Dispensing",,,Other Training Reference,Competency,Job Study — Home Health Aide (HHA) × Home Health (FINAL),"Skill: Observes and documents medication-related findings accurately, including medications visible in the home, patient-reported adherence, witnessed refusals, and observable side effects, and reports findings to the supervising nurse in a timely manner",Child,Workforce Readiness,,,Source: JobStudy_HHA_HH_FINAL.docx | Date of Review: May 2026
WR HHA_HH,US,home health agency,Home Health Aide (HHA),Home Health,"Clinical, Non-Medication Dispensing",,,Other Training Reference,Competency,Job Study — Home Health Aide (HHA) × Home Health (FINAL),"Skill: Supports patient and caregiver understanding of medication schedules and the importance of adherence through reinforcement of the education provided by the nurse, without providing independent medication counseling that exceeds HHA scope",Child,Workforce Readiness,,,Source: JobStudy_HHA_HH_FINAL.docx | Date of Review: May 2026
WR HHA_HH,US,home health agency,Home Health Aide (HHA),Home Health,"Clinical, Non-Medication Dispensing",,,Other Training Reference,Competency,Job Study — Home Health Aide (HHA) × Home Health (FINAL),"Ability: Recognizes when an action being requested by a patient, caregiver, or other staff member crosses from permissible observation or reminding into medication administration, and declines to perform tasks outside HHA scope",Child,Workforce Readiness,,,Source: JobStudy_HHA_HH_FINAL.docx | Date of Review: May 2026
WR HHA_HH,US,home health agency,Home Health Aide (HHA),Home Health,"Clinical, Non-Medication Dispensing",,,Other Training Reference,Competency,Job Study — Home Health Aide (HHA) × Home Health (FINAL),Domain 8: Documentation and Communication,Parent,Workforce Readiness,,,Source: JobStudy_HHA_HH_FINAL.docx | Date of Review: May 2026
WR HHA_HH,US,home health agency,Home Health Aide (HHA),Home Health,"Clinical, Non-Medication Dispensing",,,Other Training Reference,Competency,Job Study — Home Health Aide (HHA) × Home Health (FINAL),"Knowledge: Describes the HHA’s documentation obligations in home health, including visit activity records, vital signs, ADL assistance provided, patient observations, and communication logs, and how each entry supports clinical continuity, regulatory compliance, and reimbursement integrity",Child,Workforce Readiness,,,Source: JobStudy_HHA_HH_FINAL.docx | Date of Review: May 2026
WR HHA_HH,US,home health agency,Home Health Aide (HHA),Home Health,"Clinical, Non-Medication Dispensing",,,Other Training Reference,Competency,Job Study — Home Health Aide (HHA) × Home Health (FINAL),"Knowledge: Identifies the principles of objective, timely, factual documentation and understands the HHA’s HIPAA obligations as a workforce member in a covered entity, including safeguarding patient information during travel between homes and in electronic documentation",Child,Workforce Readiness,,,Source: JobStudy_HHA_HH_FINAL.docx | Date of Review: May 2026
WR HHA_HH,US,home health agency,Home Health Aide (HHA),Home Health,"Clinical, Non-Medication Dispensing",,,Other Training Reference,Competency,Job Study — Home Health Aide (HHA) × Home Health (FINAL),"Skill: Produces clear, objective, and timely visit documentation that reflects what was observed, what care was provided, and the patient’s response without diagnostic language, clinical interpretation, or subjective judgment that would exceed HHA scope",Child,Workforce Readiness,,,Source: JobStudy_HHA_HH_FINAL.docx | Date of Review: May 2026
WR HHA_HH,US,home health agency,Home Health Aide (HHA),Home Health,"Clinical, Non-Medication Dispensing",,,Other Training Reference,Competency,Job Study — Home Health Aide (HHA) × Home Health (FINAL),"Skill: Communicates clinical observations across the interdisciplinary team, including supervising nurse, therapists, medical social worker, and agency office staff, adapting communication style to the audience while maintaining accuracy and urgency-appropriate escalation",Child,Workforce Readiness,,,Source: JobStudy_HHA_HH_FINAL.docx | Date of Review: May 2026
WR HHA_HH,US,home health agency,Home Health Aide (HHA),Home Health,"Clinical, Non-Medication Dispensing",,,Other Training Reference,Competency,Job Study — Home Health Aide (HHA) × Home Health (FINAL),"Ability: Recognizes documentation gaps, incomplete patient care instructions, and communication breakdowns, and raises them for resolution rather than accommodating workarounds that could erode patient safety or regulatory posture",Child,Workforce Readiness,,,Source: JobStudy_HHA_HH_FINAL.docx | Date of Review: May 2026
WR HHA_HH,US,home health agency,Home Health Aide (HHA),Home Health,"Clinical, Non-Medication Dispensing",,,Other Training Reference,Competency,Job Study — Home Health Aide (HHA) × Home Health (FINAL),Domain 9: End-of-Life and Comfort Care Support,Parent,Workforce Readiness,,,Source: JobStudy_HHA_HH_FINAL.docx | Date of Review: May 2026
WR HHA_HH,US,home health agency,Home Health Aide (HHA),Home Health,"Clinical, Non-Medication Dispensing",,,Other Training Reference,Competency,Job Study — Home Health Aide (HHA) × Home Health (FINAL),"Knowledge: Describes the HHA’s role in supporting patients receiving hospice or palliative care in the home, including the coordination between the home health agency and the hospice agency when a patient transitions to the hospice benefit, and the shift in the HHA’s care priorities toward comfort",Child,Workforce Readiness,,,Source: JobStudy_HHA_HH_FINAL.docx | Date of Review: May 2026
WR HHA_HH,US,home health agency,Home Health Aide (HHA),Home Health,"Clinical, Non-Medication Dispensing",,,Other Training Reference,Competency,Job Study — Home Health Aide (HHA) × Home Health (FINAL),"Knowledge: Identifies physical signs of declining condition and active dying that the HHA may observe during visits (e.g., decreased intake, increased sleep, skin color changes, breathing pattern changes, decreased urine output) and understands the importance of prompt reporting to the supervising nurse or hospice team",Child,Workforce Readiness,,,Source: JobStudy_HHA_HH_FINAL.docx | Date of Review: May 2026
WR HHA_HH,US,home health agency,Home Health Aide (HHA),Home Health,"Clinical, Non-Medication Dispensing",,,Other Training Reference,Competency,Job Study — Home Health Aide (HHA) × Home Health (FINAL),"Skill: Delivers comfort-focused personal care that honors the patient’s care plan, advance directives, and stated preferences, including gentle hygiene, positioning for comfort, oral care, and maintaining a calm environment, and reports symptom changes to the supervising nurse",Child,Workforce Readiness,,,Source: JobStudy_HHA_HH_FINAL.docx | Date of Review: May 2026
WR HHA_HH,US,home health agency,Home Health Aide (HHA),Home Health,"Clinical, Non-Medication Dispensing",,,Other Training Reference,Competency,Job Study — Home Health Aide (HHA) × Home Health (FINAL),"Skill: Communicates with empathy and appropriate boundaries with patients and family members during the dying process, supporting caregiver coping and connecting families to agency or community grief-support resources as directed by the supervising nurse",Child,Workforce Readiness,,,Source: JobStudy_HHA_HH_FINAL.docx | Date of Review: May 2026
WR HHA_HH,US,home health agency,Home Health Aide (HHA),Home Health,"Clinical, Non-Medication Dispensing",,,Other Training Reference,Competency,Job Study — Home Health Aide (HHA) × Home Health (FINAL),"Ability: Manages own emotional responses to patient death in the isolated home visit context, accesses available agency and community support resources, and maintains professional composure when death occurs during or between visits",Child,Workforce Readiness,,,Source: JobStudy_HHA_HH_FINAL.docx | Date of Review: May 2026
WR LVN_HH,US,home health agency,Licensed Vocational Nurse (LVN),Home Health,"Clinical, Medication Dispensing",,,Other Training Reference,Competency,Job Study — Licensed Vocational Nurse (LVN) × Home Health (FINAL),Domain 1: Regulatory & Care Setting Orientation,Parent,Workforce Readiness,,,Source: JobStudy_LVN_HH_FINAL.docx | Date of Review: May 2026
WR LVN_HH,US,home health agency,Licensed Vocational Nurse (LVN),Home Health,"Clinical, Medication Dispensing",,,Other Training Reference,Competency,Job Study — Licensed Vocational Nurse (LVN) × Home Health (FINAL),"Knowledge: Understands that LVN scope of practice is governed by the state Board of Nursing) via the NPA, and that Medicare-certified home health agency operations are additionally governed by the CMS Home Health CoPs (42 CFR Part 484)",Child,Workforce Readiness,,,Source: JobStudy_LVN_HH_FINAL.docx | Date of Review: May 2026
WR LVN_HH,US,home health agency,Licensed Vocational Nurse (LVN),Home Health,"Clinical, Medication Dispensing",,,Other Training Reference,Competency,Job Study — Licensed Vocational Nurse (LVN) × Home Health (FINAL),Knowledge: Identifies the federal supervision requirements under 42 CFR 484.75 that constrain LVN practice in home health and distinguishes these from state-level scope rules,Child,Workforce Readiness,,,Source: JobStudy_LVN_HH_FINAL.docx | Date of Review: May 2026
WR LVN_HH,US,home health agency,Licensed Vocational Nurse (LVN),Home Health,"Clinical, Medication Dispensing",,,Other Training Reference,Competency,Job Study — Licensed Vocational Nurse (LVN) × Home Health (FINAL),Knowledge: Describes how the Medicare home health benefit structure defines the parameters within which LVN services are authorized and reimbursed,Child,Workforce Readiness,,,Source: JobStudy_LVN_HH_FINAL.docx | Date of Review: May 2026
WR LVN_HH,US,home health agency,Licensed Vocational Nurse (LVN),Home Health,"Clinical, Medication Dispensing",,,Other Training Reference,Competency,Job Study — Licensed Vocational Nurse (LVN) × Home Health (FINAL),"Skill: Applies facility-specific agency policies and procedures that simultaneously comply with the state NPA, federal CoPs, and the physician-ordered plan of care",Child,Workforce Readiness,,,Source: JobStudy_LVN_HH_FINAL.docx | Date of Review: May 2026
WR LVN_HH,US,home health agency,Licensed Vocational Nurse (LVN),Home Health,"Clinical, Medication Dispensing",,,Other Training Reference,Competency,Job Study — Licensed Vocational Nurse (LVN) × Home Health (FINAL),"Ability: Differentiates between tasks within vs. outside LVN scope in the home health setting and escalates to the supervising RN or physician when a requested task falls outside scope, agency policy, or the plan of care",Child,Workforce Readiness,,,Source: JobStudy_LVN_HH_FINAL.docx | Date of Review: May 2026
WR LVN_HH,US,home health agency,Licensed Vocational Nurse (LVN),Home Health,"Clinical, Medication Dispensing",,,Other Training Reference,Competency,Job Study — Licensed Vocational Nurse (LVN) × Home Health (FINAL),"Domain 2: Patient Rights, Autonomy, and Informed Consent",Parent,Workforce Readiness,,,Source: JobStudy_LVN_HH_FINAL.docx | Date of Review: May 2026
WR LVN_HH,US,home health agency,Licensed Vocational Nurse (LVN),Home Health,"Clinical, Medication Dispensing",,,Other Training Reference,Competency,Job Study — Licensed Vocational Nurse (LVN) × Home Health (FINAL),Knowledge: Articulates patient rights specific to the home health model as defined in 42 CFR 484.50,Child,Workforce Readiness,,,Source: JobStudy_LVN_HH_FINAL.docx | Date of Review: May 2026
WR LVN_HH,US,home health agency,Licensed Vocational Nurse (LVN),Home Health,"Clinical, Medication Dispensing",,,Other Training Reference,Competency,Job Study — Licensed Vocational Nurse (LVN) × Home Health (FINAL),"Knowledge: Understands that the patient’s home is a private residence where the LVN is a guest, with implications for entry, personal property, cultural practices, and the limits of clinical authority over the household environment",Child,Workforce Readiness,,,Source: JobStudy_LVN_HH_FINAL.docx | Date of Review: May 2026
WR LVN_HH,US,home health agency,Licensed Vocational Nurse (LVN),Home Health,"Clinical, Medication Dispensing",,,Other Training Reference,Competency,Job Study — Licensed Vocational Nurse (LVN) × Home Health (FINAL),"Skill: Incorporates patient preferences, cultural values, and caregiver input into skilled nursing visit activities without compromising the clinical integrity of the plan of care",Child,Workforce Readiness,,,Source: JobStudy_LVN_HH_FINAL.docx | Date of Review: May 2026
WR LVN_HH,US,home health agency,Licensed Vocational Nurse (LVN),Home Health,"Clinical, Medication Dispensing",,,Other Training Reference,Competency,Job Study — Licensed Vocational Nurse (LVN) × Home Health (FINAL),"Skill: Recognizes and reports potential patient rights violations, including suspected abuse, neglect, exploitation, or unsafe discharge-through agency and state-mandated reporting channels",Child,Workforce Readiness,,,Source: JobStudy_LVN_HH_FINAL.docx | Date of Review: May 2026
WR LVN_HH,US,home health agency,Licensed Vocational Nurse (LVN),Home Health,"Clinical, Medication Dispensing",,,Other Training Reference,Competency,Job Study — Licensed Vocational Nurse (LVN) × Home Health (FINAL),"Ability: Balances safety obligations with patient autonomy, recognizing when a patient’s refusal or home environment creates clinical risk and escalating to the supervising RN rather than unilaterally overriding the patient’s preference",Child,Workforce Readiness,,,Source: JobStudy_LVN_HH_FINAL.docx | Date of Review: May 2026
WR LVN_HH,US,home health agency,Licensed Vocational Nurse (LVN),Home Health,"Clinical, Medication Dispensing",,,Other Training Reference,Competency,Job Study — Licensed Vocational Nurse (LVN) × Home Health (FINAL),"Domain 3: RN Supervision, Delegation, and Scope Boundaries",Parent,Workforce Readiness,,,Source: JobStudy_LVN_HH_FINAL.docx | Date of Review: May 2026
WR LVN_HH,US,home health agency,Licensed Vocational Nurse (LVN),Home Health,"Clinical, Medication Dispensing",,,Other Training Reference,Competency,Job Study — Licensed Vocational Nurse (LVN) × Home Health (FINAL),"Knowledge: Describes the federal supervision model for LVNs in home health under 42 CFR 484.75, including the frequency and nature of required RN supervisory contacts and the circumstances under which the LVN must obtain real-time RN direction before proceeding with care",Child,Workforce Readiness,,,Source: JobStudy_LVN_HH_FINAL.docx | Date of Review: May 2026
WR LVN_HH,US,home health agency,Licensed Vocational Nurse (LVN),Home Health,"Clinical, Medication Dispensing",,,Other Training Reference,Competency,Job Study — Licensed Vocational Nurse (LVN) × Home Health (FINAL),"Knowledge: Identifies the NCSBN Five Rights of Delegation as the framework for all LVN-to-home health aide delegation decisions, and recognizes state-specific rules on whether LVNs may delegate or only supervise home health aides",Child,Workforce Readiness,,,Source: JobStudy_LVN_HH_FINAL.docx | Date of Review: May 2026
WR LVN_HH,US,home health agency,Licensed Vocational Nurse (LVN),Home Health,"Clinical, Medication Dispensing",,,Other Training Reference,Competency,Job Study — Licensed Vocational Nurse (LVN) × Home Health (FINAL),"Skill: Communicates proactively with the supervising RN case manager regarding changes in patient status, questions about the plan of care, and visit findings that may require plan modification",Child,Workforce Readiness,,,Source: JobStudy_LVN_HH_FINAL.docx | Date of Review: May 2026
WR LVN_HH,US,home health agency,Licensed Vocational Nurse (LVN),Home Health,"Clinical, Medication Dispensing",,,Other Training Reference,Competency,Job Study — Licensed Vocational Nurse (LVN) × Home Health (FINAL),"Skill: Provides direction to and supervises home health aides assigned to the patient, including validating aide competency for delegated tasks, reviewing aide documentation, and reporting aide performance concerns to the RN",Child,Workforce Readiness,,,Source: JobStudy_LVN_HH_FINAL.docx | Date of Review: May 2026
WR LVN_HH,US,home health agency,Licensed Vocational Nurse (LVN),Home Health,"Clinical, Medication Dispensing",,,Other Training Reference,Competency,Job Study — Licensed Vocational Nurse (LVN) × Home Health (FINAL),Ability: Recognizes when a clinical situation encountered during a home visit exceeds LVN scope and initiates the appropriate escalation without delay,Child,Workforce Readiness,,,Source: JobStudy_LVN_HH_FINAL.docx | Date of Review: May 2026
WR LVN_HH,US,home health agency,Licensed Vocational Nurse (LVN),Home Health,"Clinical, Medication Dispensing",,,Other Training Reference,Competency,Job Study — Licensed Vocational Nurse (LVN) × Home Health (FINAL),Domain 4: Medication Administration and Management in the Home,Parent,Workforce Readiness,,,Source: JobStudy_LVN_HH_FINAL.docx | Date of Review: May 2026
WR LVN_HH,US,home health agency,Licensed Vocational Nurse (LVN),Home Health,"Clinical, Medication Dispensing",,,Other Training Reference,Competency,Job Study — Licensed Vocational Nurse (LVN) × Home Health (FINAL),"Knowledge: Describes the LVN’s role in medication administration in the home health setting, including the distinction between medications the LVN may administer directly, medications requiring patient or caregiver self-administration with LVN teaching, and medication management activities reserved for the RN or pharmacist",Child,Workforce Readiness,,,Source: JobStudy_LVN_HH_FINAL.docx | Date of Review: May 2026
WR LVN_HH,US,home health agency,Licensed Vocational Nurse (LVN),Home Health,"Clinical, Medication Dispensing",,,Other Training Reference,Competency,Job Study — Licensed Vocational Nurse (LVN) × Home Health (FINAL),Knowledge: Identifies high-risk medication categories common in the home health population and recognizes patient-level signs that should trigger escalation to the supervising RN or physician,Child,Workforce Readiness,,,Source: JobStudy_LVN_HH_FINAL.docx | Date of Review: May 2026
WR LVN_HH,US,home health agency,Licensed Vocational Nurse (LVN),Home Health,"Clinical, Medication Dispensing",,,Other Training Reference,Competency,Job Study — Licensed Vocational Nurse (LVN) × Home Health (FINAL),"Skill: Performs medication reconciliation at each visit by comparing the medication profile in the clinical record against medications physically present in the home, identifying discrepancies, and reporting findings to the supervising RN",Child,Workforce Readiness,,,Source: JobStudy_LVN_HH_FINAL.docx | Date of Review: May 2026
WR LVN_HH,US,home health agency,Licensed Vocational Nurse (LVN),Home Health,"Clinical, Medication Dispensing",,,Other Training Reference,Competency,Job Study — Licensed Vocational Nurse (LVN) × Home Health (FINAL),"Skill: Teaches patients and caregivers safe medication self-administration, storage, side effect recognition, and adherence strategies using health literacy-appropriate methods",Child,Workforce Readiness,,,Source: JobStudy_LVN_HH_FINAL.docx | Date of Review: May 2026
WR LVN_HH,US,home health agency,Licensed Vocational Nurse (LVN),Home Health,"Clinical, Medication Dispensing",,,Other Training Reference,Competency,Job Study — Licensed Vocational Nurse (LVN) × Home Health (FINAL),"Ability: Identifies adverse drug events, polypharmacy risks, and medication non-adherence patterns across visits and communicates concerns through the appropriate channel (e.g., supervising RN, pharmacist, physician)",Child,Workforce Readiness,,,Source: JobStudy_LVN_HH_FINAL.docx | Date of Review: May 2026
WR LVN_HH,US,home health agency,Licensed Vocational Nurse (LVN),Home Health,"Clinical, Medication Dispensing",,,Other Training Reference,Competency,Job Study — Licensed Vocational Nurse (LVN) × Home Health (FINAL),Domain 5: Wound Care and Skilled Nursing Procedures,Parent,Workforce Readiness,,,Source: JobStudy_LVN_HH_FINAL.docx | Date of Review: May 2026
WR LVN_HH,US,home health agency,Licensed Vocational Nurse (LVN),Home Health,"Clinical, Medication Dispensing",,,Other Training Reference,Competency,Job Study — Licensed Vocational Nurse (LVN) × Home Health (FINAL),Knowledge: Identifies the skilled nursing procedures permissible under state LVN scope in the home health setting,Child,Workforce Readiness,,,Source: JobStudy_LVN_HH_FINAL.docx | Date of Review: May 2026
WR LVN_HH,US,home health agency,Licensed Vocational Nurse (LVN),Home Health,"Clinical, Medication Dispensing",,,Other Training Reference,Competency,Job Study — Licensed Vocational Nurse (LVN) × Home Health (FINAL),"Knowledge: Describes wound assessment parameters (e.g., wound bed characteristics, peri-wound skin, exudate, staging for pressure injuries, measurement) and understands how accurate wound documentation supports clinical decision-making, care plan updates, and reimbursement justification",Child,Workforce Readiness,,,Source: JobStudy_LVN_HH_FINAL.docx | Date of Review: May 2026
WR LVN_HH,US,home health agency,Licensed Vocational Nurse (LVN),Home Health,"Clinical, Medication Dispensing",,,Other Training Reference,Competency,Job Study — Licensed Vocational Nurse (LVN) × Home Health (FINAL),"Skill: Performs wound care procedures in the home environment using aseptic technique adapted to the uncontrolled setting, including proper supply management, sharps disposal, and biohazard containment consistent with agency policy and OSHA standards",Child,Workforce Readiness,,,Source: JobStudy_LVN_HH_FINAL.docx | Date of Review: May 2026
WR LVN_HH,US,home health agency,Licensed Vocational Nurse (LVN),Home Health,"Clinical, Medication Dispensing",,,Other Training Reference,Competency,Job Study — Licensed Vocational Nurse (LVN) × Home Health (FINAL),Skill: Documents skilled procedures with clinical precision sufficient to meet CMS documentation requirements for skilled-need justification,Child,Workforce Readiness,,,Source: JobStudy_LVN_HH_FINAL.docx | Date of Review: May 2026
WR LVN_HH,US,home health agency,Licensed Vocational Nurse (LVN),Home Health,"Clinical, Medication Dispensing",,,Other Training Reference,Competency,Job Study — Licensed Vocational Nurse (LVN) × Home Health (FINAL),"Ability: Recognizes when wound progression, procedure complications, or new clinical findings exceed LVN scope and require RN reassessment, physician notification, or modification of the plan of care",Child,Workforce Readiness,,,Source: JobStudy_LVN_HH_FINAL.docx | Date of Review: May 2026
WR LVN_HH,US,home health agency,Licensed Vocational Nurse (LVN),Home Health,"Clinical, Medication Dispensing",,,Other Training Reference,Competency,Job Study — Licensed Vocational Nurse (LVN) × Home Health (FINAL),Domain 6: Change in Condition Recognition and Emergency Response,Parent,Workforce Readiness,,,Source: JobStudy_LVN_HH_FINAL.docx | Date of Review: May 2026
WR LVN_HH,US,home health agency,Licensed Vocational Nurse (LVN),Home Health,"Clinical, Medication Dispensing",,,Other Training Reference,Competency,Job Study — Licensed Vocational Nurse (LVN) × Home Health (FINAL),"Knowledge: Identifies signs of acute change in condition that require urgent escalation during a home visit, such as altered mental status, respiratory distress, suspected cardiovascular or neurologic event, sepsis indicators, uncontrolled pain, falls with injury, and acute functional decline",Child,Workforce Readiness,,,Source: JobStudy_LVN_HH_FINAL.docx | Date of Review: May 2026
WR LVN_HH,US,home health agency,Licensed Vocational Nurse (LVN),Home Health,"Clinical, Medication Dispensing",,,Other Training Reference,Competency,Job Study — Licensed Vocational Nurse (LVN) × Home Health (FINAL),"Knowledge: Describes the agency’s emergency response protocol for the home setting, including when to activate 911, when to contact the supervising RN, when to contact the physician, and the documentation requirements for each escalation pathway",Child,Workforce Readiness,,,Source: JobStudy_LVN_HH_FINAL.docx | Date of Review: May 2026
WR LVN_HH,US,home health agency,Licensed Vocational Nurse (LVN),Home Health,"Clinical, Medication Dispensing",,,Other Training Reference,Competency,Job Study — Licensed Vocational Nurse (LVN) × Home Health (FINAL),"Skill: Performs focused assessment within LVN scope during a home visit, synthesizes findings with the patient’s baseline and plan of care, and communicates a clear, concise report to the supervising RN or physician",Child,Workforce Readiness,,,Source: JobStudy_LVN_HH_FINAL.docx | Date of Review: May 2026
WR LVN_HH,US,home health agency,Licensed Vocational Nurse (LVN),Home Health,"Clinical, Medication Dispensing",,,Other Training Reference,Competency,Job Study — Licensed Vocational Nurse (LVN) × Home Health (FINAL),"Skill: Initiates emergency stabilization measures within LVN scope (e.g., positioning, airway management, bleeding control, medication administration per orders) while awaiting emergency medical services in the home",Child,Workforce Readiness,,,Source: JobStudy_LVN_HH_FINAL.docx | Date of Review: May 2026
WR LVN_HH,US,home health agency,Licensed Vocational Nurse (LVN),Home Health,"Clinical, Medication Dispensing",,,Other Training Reference,Competency,Job Study — Licensed Vocational Nurse (LVN) × Home Health (FINAL),"Ability: Discriminates between conditions manageable within the home visit and those requiring emergency transfer, and advocates for the patient’s goals of care and advance directives when transfer decisions arise",Child,Workforce Readiness,,,Source: JobStudy_LVN_HH_FINAL.docx | Date of Review: May 2026
WR LVN_HH,US,home health agency,Licensed Vocational Nurse (LVN),Home Health,"Clinical, Medication Dispensing",,,Other Training Reference,Competency,Job Study — Licensed Vocational Nurse (LVN) × Home Health (FINAL),Domain 7: Infection Control in the Home Environment,Parent,Workforce Readiness,,,Source: JobStudy_LVN_HH_FINAL.docx | Date of Review: May 2026
WR LVN_HH,US,home health agency,Licensed Vocational Nurse (LVN),Home Health,"Clinical, Medication Dispensing",,,Other Training Reference,Competency,Job Study — Licensed Vocational Nurse (LVN) × Home Health (FINAL),Knowledge: Describes infection prevention and control principles adapted to the home setting,Child,Workforce Readiness,,,Source: JobStudy_LVN_HH_FINAL.docx | Date of Review: May 2026
WR LVN_HH,US,home health agency,Licensed Vocational Nurse (LVN),Home Health,"Clinical, Medication Dispensing",,,Other Training Reference,Competency,Job Study — Licensed Vocational Nurse (LVN) × Home Health (FINAL),Knowledge: Identifies common healthcare-associated infections and communicable disease risks in the home health population and understands transmission-based precautions applicable in the home,Child,Workforce Readiness,,,Source: JobStudy_LVN_HH_FINAL.docx | Date of Review: May 2026
WR LVN_HH,US,home health agency,Licensed Vocational Nurse (LVN),Home Health,"Clinical, Medication Dispensing",,,Other Training Reference,Competency,Job Study — Licensed Vocational Nurse (LVN) × Home Health (FINAL),Skill: Implements standard and transmission-based precautions during every home visit and educates patients and caregivers on infection prevention measures appropriate to their home environment,Child,Workforce Readiness,,,Source: JobStudy_LVN_HH_FINAL.docx | Date of Review: May 2026
WR LVN_HH,US,home health agency,Licensed Vocational Nurse (LVN),Home Health,"Clinical, Medication Dispensing",,,Other Training Reference,Competency,Job Study — Licensed Vocational Nurse (LVN) × Home Health (FINAL),"Skill: Documents infection-related observations, isolation precautions in effect, and patient/caregiver education provided, and reports suspected infections or communicable disease exposures to the supervising RN and agency infection control designee",Child,Workforce Readiness,,,Source: JobStudy_LVN_HH_FINAL.docx | Date of Review: May 2026
WR LVN_HH,US,home health agency,Licensed Vocational Nurse (LVN),Home Health,"Clinical, Medication Dispensing",,,Other Training Reference,Competency,Job Study — Licensed Vocational Nurse (LVN) × Home Health (FINAL),Ability: Adapts infection control practices to variable home environments without compromising patient safety or standards of care,Child,Workforce Readiness,,,Source: JobStudy_LVN_HH_FINAL.docx | Date of Review: May 2026
WR LVN_HH,US,home health agency,Licensed Vocational Nurse (LVN),Home Health,"Clinical, Medication Dispensing",,,Other Training Reference,Competency,Job Study — Licensed Vocational Nurse (LVN) × Home Health (FINAL),Domain 8: Patient and Caregiver Education,Parent,Workforce Readiness,,,Source: JobStudy_LVN_HH_FINAL.docx | Date of Review: May 2026
WR LVN_HH,US,home health agency,Licensed Vocational Nurse (LVN),Home Health,"Clinical, Medication Dispensing",,,Other Training Reference,Competency,Job Study — Licensed Vocational Nurse (LVN) × Home Health (FINAL),"Knowledge: Describes the LVN’s role in patient and caregiver education as a core skilled service in home health, including the CMS requirement that teaching be individualized, documented, and directed toward measurable self-management goals",Child,Workforce Readiness,,,Source: JobStudy_LVN_HH_FINAL.docx | Date of Review: May 2026
WR LVN_HH,US,home health agency,Licensed Vocational Nurse (LVN),Home Health,"Clinical, Medication Dispensing",,,Other Training Reference,Competency,Job Study — Licensed Vocational Nurse (LVN) × Home Health (FINAL),"Knowledge: Identifies health literacy, cultural humility, and learning readiness assessment as prerequisites to effective patient education, and understands how cognitive impairment, sensory deficits, and limited English proficiency affect teaching strategies",Child,Workforce Readiness,,,Source: JobStudy_LVN_HH_FINAL.docx | Date of Review: May 2026
WR LVN_HH,US,home health agency,Licensed Vocational Nurse (LVN),Home Health,"Clinical, Medication Dispensing",,,Other Training Reference,Competency,Job Study — Licensed Vocational Nurse (LVN) × Home Health (FINAL),"Skill: Delivers structured education on disease self-management, medication regimens, diet modifications, activity guidelines, wound care, and when to call the agency or seek emergency care using teach-back methods, among others, to verify comprehension",Child,Workforce Readiness,,,Source: JobStudy_LVN_HH_FINAL.docx | Date of Review: May 2026
WR LVN_HH,US,home health agency,Licensed Vocational Nurse (LVN),Home Health,"Clinical, Medication Dispensing",,,Other Training Reference,Competency,Job Study — Licensed Vocational Nurse (LVN) × Home Health (FINAL),"Skill: Documents education provided, patient and caregiver response, barriers identified, and progress toward self-management goals in a manner that supports skilled-need justification and continuity across visits",Child,Workforce Readiness,,,Source: JobStudy_LVN_HH_FINAL.docx | Date of Review: May 2026
WR LVN_HH,US,home health agency,Licensed Vocational Nurse (LVN),Home Health,"Clinical, Medication Dispensing",,,Other Training Reference,Competency,Job Study — Licensed Vocational Nurse (LVN) × Home Health (FINAL),"Ability: Adjusts teaching approach based on patient and caregiver comprehension, engagement, and home environment constraints, and escalates to the supervising RN when educational barriers exceed what the LVN can address",Child,Workforce Readiness,,,Source: JobStudy_LVN_HH_FINAL.docx | Date of Review: May 2026
WR LVN_HH,US,home health agency,Licensed Vocational Nurse (LVN),Home Health,"Clinical, Medication Dispensing",,,Other Training Reference,Competency,Job Study — Licensed Vocational Nurse (LVN) × Home Health (FINAL),"Domain 9: Documentation, OASIS Awareness, and Regulatory Compliance",Parent,Workforce Readiness,,,Source: JobStudy_LVN_HH_FINAL.docx | Date of Review: May 2026
WR LVN_HH,US,home health agency,Licensed Vocational Nurse (LVN),Home Health,"Clinical, Medication Dispensing",,,Other Training Reference,Competency,Job Study — Licensed Vocational Nurse (LVN) × Home Health (FINAL),"Knowledge: Describes the LVN’s documentation obligations in home health and how each entry supports clinical continuity, regulatory defensibility, and reimbursement",Child,Workforce Readiness,,,Source: JobStudy_LVN_HH_FINAL.docx | Date of Review: May 2026
WR LVN_HH,US,home health agency,Licensed Vocational Nurse (LVN),Home Health,"Clinical, Medication Dispensing",,,Other Training Reference,Competency,Job Study — Licensed Vocational Nurse (LVN) × Home Health (FINAL),"Knowledge: Identifies the OASIS assessment items that the LVN’s visit observations directly inform, and understands how accurate LVN documentation of functional status, wound status, and symptom data feeds into OASIS accuracy and agency quality scores",Child,Workforce Readiness,,,Source: JobStudy_LVN_HH_FINAL.docx | Date of Review: May 2026
WR LVN_HH,US,home health agency,Licensed Vocational Nurse (LVN),Home Health,"Clinical, Medication Dispensing",,,Other Training Reference,Competency,Job Study — Licensed Vocational Nurse (LVN) × Home Health (FINAL),"Skill: Produces objective, timely, and legally defensible visit documentation that reflects skilled nursing interventions within LVN scope, avoids diagnostic or interpretive language that would exceed scope, and meets documentation requirements",Child,Workforce Readiness,,,Source: JobStudy_LVN_HH_FINAL.docx | Date of Review: May 2026
WR LVN_HH,US,home health agency,Licensed Vocational Nurse (LVN),Home Health,"Clinical, Medication Dispensing",,,Other Training Reference,Competency,Job Study — Licensed Vocational Nurse (LVN) × Home Health (FINAL),"Skill: Communicates clinical information across the dispersed interdisciplinary team, adapting to the audience without loss of clinical accuracy",Child,Workforce Readiness,,,Source: JobStudy_LVN_HH_FINAL.docx | Date of Review: May 2026
WR LVN_HH,US,home health agency,Licensed Vocational Nurse (LVN),Home Health,"Clinical, Medication Dispensing",,,Other Training Reference,Competency,Job Study — Licensed Vocational Nurse (LVN) × Home Health (FINAL),"Ability: Recognizes documentation gaps, communication breakdowns, and systems-level compliance risks and raises them for resolution rather than accommodating workarounds that erode regulatory posture or care continuity",Child,Workforce Readiness,,,Source: JobStudy_LVN_HH_FINAL.docx | Date of Review: May 2026
WR LVN_HH,US,home health agency,Licensed Vocational Nurse (LVN),Home Health,"Clinical, Medication Dispensing",,,Other Training Reference,Competency,Job Study — Licensed Vocational Nurse (LVN) × Home Health (FINAL),"Domain 10: End-of-Life, Palliative, and Comfort Care in the Home",Parent,Workforce Readiness,,,Source: JobStudy_LVN_HH_FINAL.docx | Date of Review: May 2026
WR LVN_HH,US,home health agency,Licensed Vocational Nurse (LVN),Home Health,"Clinical, Medication Dispensing",,,Other Training Reference,Competency,Job Study — Licensed Vocational Nurse (LVN) × Home Health (FINAL),"Knowledge: Describes the LVN’s role in supporting patients receiving hospice or palliative care in the home, including the distinction between home health skilled nursing services and hospice benefit services, and the coordination required when a patient transitions between the two",Child,Workforce Readiness,,,Source: JobStudy_LVN_HH_FINAL.docx | Date of Review: May 2026
WR LVN_HH,US,home health agency,Licensed Vocational Nurse (LVN),Home Health,"Clinical, Medication Dispensing",,,Other Training Reference,Competency,Job Study — Licensed Vocational Nurse (LVN) × Home Health (FINAL),"Knowledge: Identifies physical signs of active dying and understands how goals of care shift clinical priorities toward comfort, and the LVN’s obligation to honor these directives during a home visit",Child,Workforce Readiness,,,Source: JobStudy_LVN_HH_FINAL.docx | Date of Review: May 2026
WR LVN_HH,US,home health agency,Licensed Vocational Nurse (LVN),Home Health,"Clinical, Medication Dispensing",,,Other Training Reference,Competency,Job Study — Licensed Vocational Nurse (LVN) × Home Health (FINAL),"Skill: Delivers comfort-focused nursing care in the home, such as pain and symptom assessment, positioning, oral care, bowel and bladder management, and reports symptom changes promptly to the supervising RN or hospice team",Child,Workforce Readiness,,,Source: JobStudy_LVN_HH_FINAL.docx | Date of Review: May 2026
WR LVN_HH,US,home health agency,Licensed Vocational Nurse (LVN),Home Health,"Clinical, Medication Dispensing",,,Other Training Reference,Competency,Job Study — Licensed Vocational Nurse (LVN) × Home Health (FINAL),"Skill: Communicates with empathy and appropriate clinical framing with patients and family members during the dying process, supporting caregiver coping and connecting families to community grief-support resources",Child,Workforce Readiness,,,Source: JobStudy_LVN_HH_FINAL.docx | Date of Review: May 2026
WR LVN_HH,US,home health agency,Licensed Vocational Nurse (LVN),Home Health,"Clinical, Medication Dispensing",,,Other Training Reference,Competency,Job Study — Licensed Vocational Nurse (LVN) × Home Health (FINAL),"Ability: Manages own emotional responses to patient death in the isolated home visit context, accesses available agency and community support resources, and maintains professional composure when death occurs during or between visits",Child,Workforce Readiness,,,Source: JobStudy_LVN_HH_FINAL.docx | Date of Review: May 2026
